product id,review no,sentance no,feature,opinion,senti score +ve,senti score -ve
B00004W644,1,3,battery,dead,0.0833333333333,0.3125
B00004W644,2,2,work,better,0.515444444444,0.0215925925926
B00004W644,3,10,month,big,0.125,0.075
B00004W644,4,3,time,short,0.0138888888889,0.131944444444
B00004W644,5,3,battery,dead,0.0833333333333,0.3125
B00004W644,6,2,work,better,0.515444444444,0.0215925925926
B00004W644,7,10,month,big,0.125,0.075
B00004W644,8,3,time,short,0.0138888888889,0.131944444444
B00004W64A,1,3,battery,last,0.0,0.00961538461538
B00004W64A,1,6,battery,big,0.125,0.075
B00004W64A,1,7,battery,better,0.515444444444,0.0215925925926
B00004W64A,2,1,battery,extended,0.0486111111111,0.00694444444444
B00004W64A,2,1,battery,less,0.0625,0.21875
B00004W64A,2,1,battery,expensive,0.5,0.0
B00004W64A,2,1,battery,regular,0.0,0.09375
B00004W64A,2,1,battery,cheaper,0.0,0.25
B00004W64A,2,1,battery,helpful,0.25,0.0
B00004W64A,2,2,charger,last,0.00961538461538,0.0
B00004W64A,3,1,battery,manual,0.03125,0.09375
B00004W64A,3,3,charger,minimum,0.0833333333333,0.0
B00004W64A,3,8,battery,much,0.0357142857143,0.160714285714
B00004W64A,3,8,battery,first,0.0208333333333,0.0
B00004W64A,3,10,battery,new,0.208333333333,0.0
B00004W64A,4,0,battery,standard,0.0972222222222,0.0416666666667
B00004W64A,4,0,battery,last,0.00961538461538,0.0
B00004W64A,4,2,battery,last,0.00961538461538,0.0
B00004W64A,4,9,thing,last,0.00961538461538,0.0
B00004W64A,5,0,phone,old,0.125,0.125
B00004W64A,5,1,battery,original,0.291666666667,0.0
B00004W64A,6,3,battery,sure,0.166666666667,0.166666666667
B00004W64A,6,3,battery,unhappy,0.0625,0.8125
B00004W64A,6,4,thing,best,0.414869565217,0.025347826087
B00004W64A,7,3,battery,last,0.0,0.00961538461538
B00004W64A,7,6,battery,big,0.125,0.075
B00004W64A,7,7,battery,better,0.515444444444,0.0215925925926
B00004W64A,8,1,battery,extended,0.0486111111111,0.00694444444444
B00004W64A,8,1,battery,less,0.0625,0.21875
B00004W64A,8,1,battery,expensive,0.5,0.0
B00004W64A,8,1,battery,regular,0.0,0.09375
B00004W64A,8,1,battery,cheaper,0.0,0.25
B00004W64A,8,1,battery,helpful,0.25,0.0
B00004W64A,8,2,charger,last,0.00961538461538,0.0
B00004W64A,9,1,battery,manual,0.03125,0.09375
B00004W64A,9,3,charger,minimum,0.0833333333333,0.0
B00004W64A,9,8,battery,much,0.0357142857143,0.160714285714
B00004W64A,9,8,battery,first,0.0208333333333,0.0
B00004W64A,9,10,battery,new,0.208333333333,0.0
B00004W64A,10,0,battery,standard,0.0972222222222,0.0416666666667
B00004W64A,10,0,battery,last,0.00961538461538,0.0
B00004W64A,10,2,battery,last,0.00961538461538,0.0
B00004W64A,10,9,thing,last,0.00961538461538,0.0
B00004W64A,11,0,phone,old,0.125,0.125
B00004W64A,11,1,battery,original,0.291666666667,0.0
B00004W64A,12,3,battery,sure,0.166666666667,0.166666666667
B00004W64A,12,3,battery,unhappy,0.0625,0.8125
B00004W64A,12,4,thing,best,0.414869565217,0.025347826087
B00004W64K,1,6,battery,new,0.208333333333,0.0
B00004W64K,2,6,battery,new,0.208333333333,0.0
B00004W64U,1,1,year,original,0.291666666667,0.0
B00004W64U,1,2,battery,long,0.09375,0.109375
B00004W64U,1,2,battery,new,0.208333333333,0.0
B00004W64U,1,2,battery,much,0.160714285714,0.0357142857143
B00004W64U,1,2,battery,new,0.208333333333,0.0
B00004W64U,1,4,battery,happy,0.875,0.0
B00004W64U,1,9,phone,original,0.291666666667,0.0
B00004W64U,1,9,phone,nicer,0.875,0.0
B00004W64U,1,10,charger,negative,0.0,0.464285714286
B00004W64U,1,10,charger,last,0.00961538461538,0.0
B00004W64U,1,10,charger,old,0.125,0.125
B00004W64U,1,12,battery,simple,0.15625,0.15625
B00004W64U,1,13,battery,good,0.515625,0.0
B00004W64U,2,1,year,original,0.291666666667,0.0
B00004W64U,2,2,battery,long,0.09375,0.109375
B00004W64U,2,2,battery,new,0.208333333333,0.0
B00004W64U,2,2,battery,much,0.160714285714,0.0357142857143
B00004W64U,2,2,battery,new,0.208333333333,0.0
B00004W64U,2,4,battery,happy,0.875,0.0
B00004W64U,2,9,phone,original,0.291666666667,0.0
B00004W64U,2,9,phone,nicer,0.875,0.0
B00004W64U,2,10,charger,negative,0.0,0.464285714286
B00004W64U,2,10,charger,last,0.00961538461538,0.0
B00004W64U,2,10,charger,old,0.125,0.125
B00004W64U,2,12,battery,simple,0.15625,0.15625
B00004W64U,2,13,battery,good,0.515625,0.0
B00004W64W,1,0,battery,standard,0.0972222222222,0.0416666666667
B00004W64W,2,2,time,digital,0.0416666666667,0.0
B00004W64W,3,0,battery,standard,0.0972222222222,0.0416666666667
B00004W64W,4,2,time,digital,0.0416666666667,0.0
B00004W64Y,1,0,phone,happy,0.875,0.0
B00004W64Y,1,1,battery,cheaper,0.0,0.25
B00004W64Y,2,3,phone,larger,0.25,0.125
B00004W64Y,2,3,phone,relative,0.0833333333333,0.166666666667
B00004W64Y,3,4,battery,second,0.0446428571429,0.0178571428571
B00004W64Y,3,4,battery,original,0.291666666667,0.0
B00004W64Y,4,4,charger,long,0.09375,0.109375
B00004W64Y,4,7,charger,light,0.0875,0.0625
B00004W64Y,4,8,battery,new,0.208333333333,0.0
B00004W64Y,5,1,feature,strong,0.0,0.375
B00004W64Y,5,6,battery,first,0.0,0.0208333333333
B00004W64Y,6,2,time,loud,0.125,0.0416666666667
B00004W64Y,6,4,time,able,0.125,0.0
B00004W64Y,6,5,phone,able,0.0,0.125
B00004W64Y,6,6,battery,important,0.583333333333,0.0833333333333
B00004W64Y,6,7,battery,careful,0.0,0.5
B00004W64Y,6,8,battery,first,0.0208333333333,0.0
B00004W64Y,6,8,battery,due,0.225,0.0
B00004W64Y,7,0,battery,last,0.00961538461538,0.0
B00004W64Y,7,2,thing,bad,0.05,0.525
B00004W64Y,7,2,thing,extended,0.0486111111111,0.00694444444444
B00004W64Y,7,4,thing,careful,0.5,0.0
B00004W64Y,7,4,thing,first,0.0208333333333,0.0
B00004W64Y,8,4,phone,less,0.0625,0.21875
B00004W64Y,10,3,battery,stronger,0.375,0.0
B00004W64Y,11,0,phone,cool,0.140625,0.171875
B00004W64Y,11,1,price,small,0.0,0.09375
B00004W64Y,12,0,phone,happy,0.875,0.0
B00004W64Y,12,1,battery,cheaper,0.0,0.25
B00004W64Y,13,3,phone,larger,0.25,0.125
B00004W64Y,13,3,phone,relative,0.0833333333333,0.166666666667
B00004W64Y,14,4,battery,second,0.0446428571429,0.0178571428571
B00004W64Y,14,4,battery,original,0.291666666667,0.0
B00004W64Y,15,4,charger,long,0.09375,0.109375
B00004W64Y,15,7,charger,light,0.0875,0.0625
B00004W64Y,15,8,battery,new,0.208333333333,0.0
B00004W64Y,16,1,feature,strong,0.0,0.375
B00004W64Y,16,6,battery,first,0.0,0.0208333333333
B00004W64Y,17,2,time,loud,0.125,0.0416666666667
B00004W64Y,17,4,time,able,0.125,0.0
B00004W64Y,17,5,phone,able,0.0,0.125
B00004W64Y,17,6,battery,important,0.583333333333,0.0833333333333
B00004W64Y,17,7,battery,careful,0.0,0.5
B00004W64Y,17,8,battery,first,0.0208333333333,0.0
B00004W64Y,17,8,battery,due,0.225,0.0
B00004W64Y,18,0,battery,last,0.00961538461538,0.0
B00004W64Y,18,2,thing,bad,0.05,0.525
B00004W64Y,18,2,thing,extended,0.0486111111111,0.00694444444444
B00004W64Y,18,4,thing,careful,0.5,0.0
B00004W64Y,18,4,thing,first,0.0208333333333,0.0
B00004W64Y,19,4,phone,less,0.0625,0.21875
B00004W64Y,21,3,battery,stronger,0.375,0.0
B00004W64Y,22,0,phone,cool,0.140625,0.171875
B00004W64Y,22,1,price,small,0.0,0.09375
B00004W650,1,0,battery,important,0.583333333333,0.0833333333333
B00004W650,1,1,battery,small,0.0,0.09375
B00004W650,1,3,battery,less,0.0625,0.21875
B00004W650,2,0,battery,important,0.583333333333,0.0833333333333
B00004W650,2,1,battery,small,0.0,0.09375
B00004W650,2,3,battery,less,0.0625,0.21875
B00004W6BV,1,6,phone,little,0.025,0.425
B00004W6BV,1,7,phone,easy,0.325,0.1
B00004W6BV,4,0,phone,best,0.414869565217,0.025347826087
B00004W6BV,5,2,phone,low,0.0,0.0416666666667
B00004W6BV,5,3,phone,high,0.0446428571429,0.0267857142857
B00004W6BV,5,4,phone,adhesive,0.25,0.125
B00004W6BV,5,5,case,easy,0.325,0.1
B00004W6BV,5,6,phone,easy,0.325,0.1
B00004W6BV,6,1,phone,good,0.515625,0.0
B00004W6BV,6,3,problem,main,0.0833333333333,0.0
B00004W6BV,6,12,case,ideal,0.0,0.25
B00004W6BV,6,14,phone,oldest,0.1875,0.1875
B00004W6BV,7,0,year,last,0.00961538461538,0.0
B00004W6BV,8,1,month,attached,0.0357142857143,0.0178571428571
B00004W6BV,8,2,phone,original,0.291666666667,0.0
B00004W6BV,8,3,case,standard,0.0972222222222,0.0416666666667
B00004W6BV,9,2,month,flat,0.0454545454545,0.0681818181818
B00004W6BV,9,2,month,close,0.055,0.025
B00004W6BV,9,3,thing,whole,0.125,0.0
B00004W6BV,11,4,month,necessary,0.3125,0.0625
B00004W6BV,11,5,year,last,0.00961538461538,0.0
B00004W6BV,11,7,button,last,0.00961538461538,0.0
B00004W6BV,11,8,product,negative,0.0,0.464285714286
B00004W6BV,13,3,year,last,0.00961538461538,0.0
B00004W6BV,13,6,year,certain,0.0625,0.125
B00004W6BV,13,8,year,better,0.515444444444,0.0215925925926
B00004W6BV,14,2,phone,better,0.515444444444,0.0215925925926
B00004W6BV,15,6,phone,little,0.025,0.425
B00004W6BV,15,7,phone,easy,0.325,0.1
B00004W6BV,18,0,phone,best,0.414869565217,0.025347826087
B00004W6BV,19,2,phone,low,0.0,0.0416666666667
B00004W6BV,19,3,phone,high,0.0446428571429,0.0267857142857
B00004W6BV,19,4,phone,adhesive,0.25,0.125
B00004W6BV,19,5,case,easy,0.325,0.1
B00004W6BV,19,6,phone,easy,0.325,0.1
B00004W6BV,20,1,phone,good,0.515625,0.0
B00004W6BV,20,3,problem,main,0.0833333333333,0.0
B00004W6BV,20,12,case,ideal,0.0,0.25
B00004W6BV,20,14,phone,oldest,0.1875,0.1875
B00004W6BV,21,0,year,last,0.00961538461538,0.0
B00004W6BV,22,1,month,attached,0.0357142857143,0.0178571428571
B00004W6BV,22,2,phone,original,0.291666666667,0.0
B00004W6BV,22,3,case,standard,0.0972222222222,0.0416666666667
B00004W6BV,23,2,month,flat,0.0454545454545,0.0681818181818
B00004W6BV,23,2,month,close,0.055,0.025
B00004W6BV,23,3,thing,whole,0.125,0.0
B00004W6BV,25,4,month,necessary,0.3125,0.0625
B00004W6BV,25,5,year,last,0.00961538461538,0.0
B00004W6BV,25,7,button,last,0.00961538461538,0.0
B00004W6BV,25,8,product,negative,0.0,0.464285714286
B00004W6BV,27,3,year,last,0.00961538461538,0.0
B00004W6BV,27,6,year,certain,0.0625,0.125
B00004W6BV,27,8,year,better,0.515444444444,0.0215925925926
B00004W6BV,28,2,phone,better,0.515444444444,0.0215925925926
B00004W6BY,1,6,case,odd,0.375,0.5
B00004W6BY,1,7,case,strong,0.375,0.0
B00004W6BY,1,8,phone,open,0.0416666666667,0.0416666666667
B00004W6BY,1,9,case,small,0.0,0.09375
B00004W6BY,2,6,case,odd,0.375,0.5
B00004W6BY,2,7,case,strong,0.375,0.0
B00004W6BY,2,8,phone,open,0.0416666666667,0.0416666666667
B00004W6BY,2,9,case,small,0.0,0.09375
B00004W6C5,1,0,button,best,0.414869565217,0.025347826087
B00004W6C5,1,4,case,higher,0.0833333333333,0.0833333333333
B00004W6C5,1,8,case,light,0.0875,0.0625
B00004W6C5,2,2,call,open,0.0416666666667,0.0416666666667
B00004W6C5,4,4,case,higher,0.0833333333333,0.0833333333333
B00004W6C5,4,8,case,light,0.0875,0.0625
B00004W6C5,5,2,call,open,0.0416666666667,0.0416666666667
B00004W6CA,1,4,phone,susceptible,0.5,0.0
B00004W6CA,1,4,phone,possible,0.3125,0.0625
B00004W6CA,2,4,phone,susceptible,0.5,0.0
B00004W6CA,2,4,phone,possible,0.3125,0.0625
B00004W6CE,1,0,product,best,0.414869565217,0.025347826087
B00004W6CE,1,0,product,new,0.208333333333,0.0
B00004W6CE,1,9,product,good,0.515625,0.0
B00004W6CE,1,9,product,extended,0.00694444444444,0.0486111111111
B00004W6CE,1,13,quality,good,0.515625,0.0
B00004W6CE,1,16,work,normal,0.125,0.15625
B00004W6CE,2,0,case,new,0.208333333333,0.0
B00004W6CE,2,16,phone,comfortable,0.3125,0.375
B00004W6CE,2,18,phone,used,0.0714285714286,0.0
B00004W6CE,2,18,phone,small,0.0,0.09375
B00004W6CE,2,18,phone,comfortable,0.3125,0.375
B00004W6CE,3,0,case,expensive,0.5,0.0
B00004W6CE,3,6,case,accessible,0.625,0.0
B00004W6CE,4,0,phone,second,0.0446428571429,0.0178571428571
B00004W6CE,4,2,case,fit,0.0666666666667,0.233333333333
B00004W6CE,5,0,phone,new,0.208333333333,0.0
B00004W6CE,6,0,case,best,0.414869565217,0.025347826087
B00004W6CE,6,2,quality,obvious,0.5,0.0
B00004W6CE,6,2,quality,good,0.515625,0.0
B00004W6CE,7,0,product,best,0.414869565217,0.025347826087
B00004W6CE,7,0,product,new,0.208333333333,0.0
B00004W6CE,7,9,product,good,0.515625,0.0
B00004W6CE,7,9,product,extended,0.00694444444444,0.0486111111111
B00004W6CE,7,13,quality,good,0.515625,0.0
B00004W6CE,7,16,work,normal,0.125,0.15625
B00004W6CE,8,0,case,new,0.208333333333,0.0
B00004W6CE,8,16,phone,comfortable,0.3125,0.375
B00004W6CE,8,18,phone,used,0.0714285714286,0.0
B00004W6CE,8,18,phone,small,0.0,0.09375
B00004W6CE,8,18,phone,comfortable,0.3125,0.375
B00004W6CE,9,0,case,expensive,0.5,0.0
B00004W6CE,9,6,case,accessible,0.625,0.0
B00004W6CE,10,0,phone,second,0.0446428571429,0.0178571428571
B00004W6CE,10,2,case,fit,0.0666666666667,0.233333333333
B00004W6CE,11,0,phone,new,0.208333333333,0.0
B00004W6CE,12,0,case,best,0.414869565217,0.025347826087
B00004W6CE,12,2,quality,obvious,0.5,0.0
B00004W6CE,12,2,quality,good,0.515625,0.0
B00004W6CF,1,0,phone,comfortable,0.3125,0.375
B00004W6CF,1,2,case,stylish,0.25,0.0625
B00004W6CF,2,0,phone,comfortable,0.3125,0.375
B00004W6CF,2,2,case,stylish,0.25,0.0625
B00004W6CN,1,0,thing,rough,0.03125,0.25
B00004W6CN,2,0,thing,rough,0.03125,0.25
B00004W6DU,1,0,product,late,0.0178571428571,0.0357142857143
B00004W6DU,1,3,product,similar,0.208333333333,0.166666666667
B00004W6DU,1,3,product,uncomfortable,0.0,0.6875
B00004W6DU,1,9,time,weak,0.125,0.5
B00004W6DU,1,14,product,longer,0.0535714285714,0.0714285714286
B00004W6DU,2,2,sound,better,0.515444444444,0.0215925925926
B00004W6DU,2,2,sound,comfortable,0.3125,0.375
B00004W6DU,4,6,thing,painful,0.125,0.75
B00004W6DU,4,8,thing,better,0.515444444444,0.0215925925926
B00004W6DU,4,11,thing,compatible,0.0,0.4375
B00004W6DU,4,16,work,fit,0.233333333333,0.0666666666667
B00004W6DU,5,0,product,comfortable,0.3125,0.375
B00004W6DU,6,1,product,first,0.0208333333333,0.0
B00004W6DU,6,3,call,comfortable,0.3125,0.375
B00004W6DU,6,5,people,difficult,0.0,0.6875
B00004W6DU,7,0,quality,easy,0.325,0.1
B00004W6DU,7,0,quality,good,0.515625,0.0
B00004W6DU,9,0,product,late,0.0178571428571,0.0357142857143
B00004W6DU,9,3,product,similar,0.208333333333,0.166666666667
B00004W6DU,9,3,product,uncomfortable,0.0,0.6875
B00004W6DU,9,9,time,weak,0.125,0.5
B00004W6DU,9,14,product,longer,0.0535714285714,0.0714285714286
B00004W6DU,10,2,sound,better,0.515444444444,0.0215925925926
B00004W6DU,10,2,sound,comfortable,0.3125,0.375
B00004W6DU,12,6,thing,painful,0.125,0.75
B00004W6DU,12,8,thing,better,0.515444444444,0.0215925925926
B00004W6DU,12,11,thing,compatible,0.0,0.4375
B00004W6DU,12,16,work,fit,0.233333333333,0.0666666666667
B00004W6DU,13,0,product,comfortable,0.3125,0.375
B00004W6DU,14,1,product,first,0.0208333333333,0.0
B00004W6DU,14,3,call,comfortable,0.3125,0.375
B00004W6DU,14,5,people,difficult,0.0,0.6875
B00004W6DU,15,0,quality,easy,0.325,0.1
B00004W6DU,15,0,quality,good,0.515625,0.0
B00004W6DV,1,3,phone,careful,0.5,0.0
B00004W6DV,2,2,phone,audible,0.1875,0.0
B00004W6DV,2,2,phone,normal,0.125,0.15625
B00004W6DV,2,4,feature,short,0.0138888888889,0.131944444444
B00004W6DV,4,1,thing,big,0.125,0.075
B00004W6DV,4,2,work,comfortable,0.3125,0.375
B00004W6DV,4,5,work,free,0.1328125,0.0859375
B00004W6DV,4,5,work,soft,0.0694444444444,0.0694444444444
B00004W6DV,5,8,headset,new,0.208333333333,0.0
B00004W6DV,5,9,headset,Plugged,0.0,0.0357142857143
B00004W6DV,5,15,thing,first,0.0208333333333,0.0
B00004W6DV,5,16,headset,Second,0.0446428571429,0.0178571428571
B00004W6DV,5,16,headset,good,0.515625,0.0
B00004W6DV,6,1,thing,uncomfortable,0.0,0.6875
B00004W6DV,6,3,sound,good,0.515625,0.0
B00004W6DV,7,4,headset,free,0.1328125,0.0859375
B00004W6DV,8,1,work,major,0.0729166666667,0.09375
B00004W6DV,8,2,problem,open,0.0416666666667,0.0416666666667
B00004W6DV,9,2,headset,fit,0.233333333333,0.0666666666667
B00004W6DV,9,3,headset,small,0.0,0.09375
B00004W6DV,11,0,product,good,0.515625,0.0
B00004W6DV,12,0,product,awful,0.125,0.4375
B00004W6DV,12,4,headset,different,0.375,0.3125
B00004W6DV,13,0,product,best,0.414869565217,0.025347826087
B00004W6DV,14,5,product,good,0.0,0.515625
B00004W6DV,14,7,thing,first,0.0208333333333,0.0
B00004W6DV,15,0,thing,uncomfortable,0.0,0.6875
B00004W6DV,17,12,headset,better,0.515444444444,0.0215925925926
B00004W6DV,18,4,sound,clear,0.015625,0.11328125
B00004W6DV,20,1,sound,short,0.0138888888889,0.131944444444
B00004W6DV,20,1,sound,small,0.0,0.09375
B00004W6DV,22,3,quality,good,0.515625,0.0
B00004W6DV,22,5,quality,hard,0.015625,0.21875
B00004W6DV,22,8,quality,poor,0.0,0.15625
B00004W6DV,23,0,month,Used,0.0714285714286,0.0
B00004W6DV,23,9,sound,better,0.515444444444,0.0215925925926
B00004W6DV,24,4,thing,positive,0.208333333333,0.0
B00004W6DV,25,0,headset,different,0.375,0.3125
B00004W6DV,25,2,product,low,0.0,0.0416666666667
B00004W6DV,26,4,sound,clear,0.11328125,0.015625
B00004W6DV,27,1,product,good,0.515625,0.0
B00004W6DV,27,1,product,technical,0.125,0.0
B00004W6DV,27,11,headset,stylish,0.25,0.0625
B00004W6DV,27,12,quality,poor,0.0,0.15625
B00004W6DV,28,1,headset,comfortable,0.3125,0.375
B00004W6DV,28,3,sound,sweet,0.0277777777778,0.0
B00004W6DV,29,4,thing,whole,0.125,0.0
B00004W6DV,29,9,case,difficult,0.0,0.6875
B00004W6DV,29,13,product,bad,0.05,0.525
B00004W6DV,29,16,work,better,0.515444444444,0.0215925925926
B00004W6DV,31,1,sound,best,0.414869565217,0.025347826087
B00004W6DV,31,4,phone,different,0.375,0.3125
B00004W6DV,32,3,phone,careful,0.5,0.0
B00004W6DV,33,2,phone,audible,0.1875,0.0
B00004W6DV,33,2,phone,normal,0.125,0.15625
B00004W6DV,33,4,feature,short,0.0138888888889,0.131944444444
B00004W6DV,35,1,thing,big,0.125,0.075
B00004W6DV,35,2,work,comfortable,0.3125,0.375
B00004W6DV,35,5,work,free,0.1328125,0.0859375
B00004W6DV,35,5,work,soft,0.0694444444444,0.0694444444444
B00004W6DV,36,8,headset,new,0.208333333333,0.0
B00004W6DV,36,9,headset,Plugged,0.0,0.0357142857143
B00004W6DV,36,15,thing,first,0.0208333333333,0.0
B00004W6DV,36,16,headset,Second,0.0446428571429,0.0178571428571
B00004W6DV,36,16,headset,good,0.515625,0.0
B00004W6DV,37,1,thing,uncomfortable,0.0,0.6875
B00004W6DV,37,3,sound,good,0.515625,0.0
B00004W6DV,38,4,headset,free,0.1328125,0.0859375
B00004W6DV,39,1,work,major,0.0729166666667,0.09375
B00004W6DV,39,2,problem,open,0.0416666666667,0.0416666666667
B00004W6DV,40,2,headset,fit,0.233333333333,0.0666666666667
B00004W6DV,40,3,headset,small,0.0,0.09375
B00004W6DV,42,0,product,good,0.515625,0.0
B00004W6DV,43,0,product,awful,0.125,0.4375
B00004W6DV,43,4,headset,different,0.375,0.3125
B00004W6DV,44,0,product,best,0.414869565217,0.025347826087
B00004W6DV,45,5,product,good,0.0,0.515625
B00004W6DV,45,7,thing,first,0.0208333333333,0.0
B00004W6DV,46,0,thing,uncomfortable,0.0,0.6875
B00004W6DV,48,12,headset,better,0.515444444444,0.0215925925926
B00004W6DV,49,4,sound,clear,0.015625,0.11328125
B00004W6DV,51,1,sound,short,0.0138888888889,0.131944444444
B00004W6DV,51,1,sound,small,0.0,0.09375
B00004W6DV,53,3,quality,good,0.515625,0.0
B00004W6DV,53,5,quality,hard,0.015625,0.21875
B00004W6DV,53,8,quality,poor,0.0,0.15625
B00004W6DV,54,0,month,Used,0.0714285714286,0.0
B00004W6DV,54,9,sound,better,0.515444444444,0.0215925925926
B00004W6DV,55,4,thing,positive,0.208333333333,0.0
B00004W6DV,56,0,headset,different,0.375,0.3125
B00004W6DV,56,2,product,low,0.0,0.0416666666667
B00004W6DV,57,4,sound,clear,0.11328125,0.015625
B00004W6DV,58,1,product,good,0.515625,0.0
B00004W6DV,58,1,product,technical,0.125,0.0
B00004W6DV,58,11,headset,stylish,0.25,0.0625
B00004W6DV,58,12,quality,poor,0.0,0.15625
B00004W6DV,59,1,headset,comfortable,0.3125,0.375
B00004W6DV,59,3,sound,sweet,0.0277777777778,0.0
B00004W6DV,60,4,thing,whole,0.125,0.0
B00004W6DV,60,9,case,difficult,0.0,0.6875
B00004W6DV,60,13,product,bad,0.05,0.525
B00004W6DV,60,16,work,better,0.515444444444,0.0215925925926
B00004W6DV,62,1,sound,best,0.414869565217,0.025347826087
B00004W6DV,62,4,phone,different,0.375,0.3125
B00004W6DW,1,0,device,best,0.414869565217,0.025347826087
B00004W6DW,2,4,quality,good,0.515625,0.0
B00004W6DW,2,5,quality,first,0.0208333333333,0.0
B00004W6DW,2,5,quality,afraid,0.0,0.5
B00004W6DW,2,7,work,better,0.515444444444,0.0215925925926
B00004W6DW,3,0,thing,nice,0.4375,0.0
B00004W6DW,3,0,thing,good,0.515625,0.0
B00004W6DW,3,7,thing,good,0.515625,0.0
B00004W6DW,6,3,quality,decent,0.4375,0.0
B00004W6DW,7,6,thing,painful,0.125,0.75
B00004W6DW,7,8,thing,better,0.515444444444,0.0215925925926
B00004W6DW,7,11,thing,compatible,0.0,0.4375
B00004W6DW,7,16,work,fit,0.233333333333,0.0666666666667
B00004W6DW,9,0,product,best,0.414869565217,0.025347826087
B00004W6DW,9,0,product,perfect,0.208333333333,0.0416666666667
B00004W6DW,9,2,product,first,0.0208333333333,0.0
B00004W6DW,10,1,quality,poor,0.0,0.15625
B00004W6DW,10,5,phone,compatible,0.0,0.4375
B00004W6DW,11,1,sound,colorful,0.0416666666667,0.0
B00004W6DW,13,3,quality,comfortable,0.3125,0.375
B00004W6DW,13,3,quality,good,0.515625,0.0
B00004W6DW,14,0,sound,clear,0.11328125,0.015625
B00004W6DW,14,6,sound,sensitive,0.125,0.09375
B00004W6DW,16,2,device,free,0.1328125,0.0859375
B00004W6DW,17,0,device,best,0.414869565217,0.025347826087
B00004W6DW,18,4,quality,good,0.515625,0.0
B00004W6DW,18,5,quality,first,0.0208333333333,0.0
B00004W6DW,18,5,quality,afraid,0.0,0.5
B00004W6DW,18,7,work,better,0.515444444444,0.0215925925926
B00004W6DW,19,0,thing,nice,0.4375,0.0
B00004W6DW,19,0,thing,good,0.515625,0.0
B00004W6DW,19,7,thing,good,0.515625,0.0
B00004W6DW,22,3,quality,decent,0.4375,0.0
B00004W6DW,23,6,thing,painful,0.125,0.75
B00004W6DW,23,8,thing,better,0.515444444444,0.0215925925926
B00004W6DW,23,11,thing,compatible,0.0,0.4375
B00004W6DW,23,16,work,fit,0.233333333333,0.0666666666667
B00004W6DW,25,0,product,best,0.414869565217,0.025347826087
B00004W6DW,25,0,product,perfect,0.208333333333,0.0416666666667
B00004W6DW,25,2,product,first,0.0208333333333,0.0
B00004W6DW,26,1,quality,poor,0.0,0.15625
B00004W6DW,26,5,phone,compatible,0.0,0.4375
B00004W6DW,27,1,sound,colorful,0.0416666666667,0.0
B00004W6DW,29,3,quality,comfortable,0.3125,0.375
B00004W6DW,29,3,quality,good,0.515625,0.0
B00004W6DW,30,0,sound,clear,0.11328125,0.015625
B00004W6DW,30,6,sound,sensitive,0.125,0.09375
B00004W6DW,32,2,device,free,0.1328125,0.0859375
B00004W6N5,1,1,battery,short,0.0138888888889,0.131944444444
B00004W6N5,3,1,battery,short,0.0138888888889,0.131944444444
B00004W6N7,1,2,work,tough,0.4375,0.0625
B00004W6N7,2,0,year,Used,0.0714285714286,0.0
B00004W6N7,2,0,year,different,0.375,0.3125
B00004W6N7,2,5,product,stronger,0.375,0.0
B00004W6N7,2,12,motorola,best,0.414869565217,0.025347826087
B00004W6N7,2,13,motorola,best,0.414869565217,0.025347826087
B00004W6N7,3,6,battery,expensive,0.5,0.0
B00004W6N7,4,1,time,best,0.414869565217,0.025347826087
B00004W6N7,6,0,phone,standard,0.0972222222222,0.0416666666667
B00004W6N7,6,4,product,good,0.515625,0.0
B00004W6N7,7,0,quality,good,0.515625,0.0
B00004W6N7,8,1,product,first,0.0208333333333,0.0
B00004W6N7,8,1,product,wrong,0.0892857142857,0.607142857143
B00004W6N7,8,4,charger,past,0.0,0.05
B00004W6N7,9,2,work,tough,0.4375,0.0625
B00004W6N7,10,0,year,Used,0.0714285714286,0.0
B00004W6N7,10,0,year,different,0.375,0.3125
B00004W6N7,10,5,product,stronger,0.375,0.0
B00004W6N7,10,12,motorola,best,0.414869565217,0.025347826087
B00004W6N7,10,13,motorola,best,0.414869565217,0.025347826087
B00004W6N7,11,6,battery,expensive,0.5,0.0
B00004W6N7,12,1,time,best,0.414869565217,0.025347826087
B00004W6N7,14,0,phone,standard,0.0972222222222,0.0416666666667
B00004W6N7,14,4,product,good,0.515625,0.0
B00004W6N7,15,0,quality,good,0.515625,0.0
B00004W6N7,16,1,product,first,0.0208333333333,0.0
B00004W6N7,16,1,product,wrong,0.0892857142857,0.607142857143
B00004W6N7,16,4,charger,past,0.0,0.05
B00004W6NE,2,0,product,easy,0.325,0.1
B00004W6NE,4,0,product,easy,0.325,0.1
B00004W6NG,2,5,time,original,0.291666666667,0.0
B00004W6NG,5,11,battery,good,0.0,0.515625
B00004W6NG,5,13,phone,sure,0.166666666667,0.166666666667
B00004W6NG,7,0,work,perfect,0.208333333333,0.0416666666667
B00004W6NG,7,3,phone,wrong,0.0892857142857,0.607142857143
B00004W6NG,7,4,phone,compatible,0.4375,0.0
B00004W6NG,8,3,button,little,0.025,0.425
B00004W6NG,8,4,button,little,0.025,0.425
B00004W6NG,8,8,thing,white,0.0,0.0416666666667
B00004W6NG,8,11,price,much,0.160714285714,0.0357142857143
B00004W6NG,9,1,phone,new,0.208333333333,0.0
B00004W6NG,10,1,work,short,0.0138888888889,0.131944444444
B00004W6NG,11,0,work,new,0.208333333333,0.0
B00004W6NG,11,0,work,new,0.0,0.208333333333
B00004W6NG,13,7,phone,new,0.0,0.208333333333
B00004W6NG,14,0,phone,expensive,0.5,0.0
B00004W6NG,15,0,product,long,0.09375,0.109375
B00004W6NG,15,2,charger,outside,0.0208333333333,0.0
B00004W6NG,18,1,phone,old,0.125,0.125
B00004W6NG,19,0,work,older,0.1875,0.1875
B00004W6NG,20,0,work,different,0.375,0.3125
B00004W6NG,20,8,year,older,0.1875,0.1875
B00004W6NG,23,0,phone,good,0.515625,0.0
B00004W6NG,23,0,phone,old,0.125,0.125
B00004W6NG,25,0,phone,simple,0.15625,0.15625
B00004W6NG,25,0,phone,short,0.0138888888889,0.131944444444
B00004W6NG,25,1,phone,low,0.0,0.0416666666667
B00004W6NG,25,2,phone,uncomfortable,0.0,0.6875
B00004W6NG,25,2,phone,short,0.0138888888889,0.131944444444
B00004W6NG,25,3,phone,much,0.160714285714,0.0357142857143
B00004W6NG,26,2,phone,Wrong,0.0892857142857,0.607142857143
B00004W6NG,26,2,phone,good,0.515625,0.0
B00004W6NG,27,1,phone,normal,0.125,0.15625
B00004W6NG,28,0,phone,compatible,0.4375,0.0
B00004W6NG,28,1,phone,standard,0.0972222222222,0.0416666666667
B00004W6NG,28,1,phone,regular,0.0,0.09375
B00004W6NG,28,1,phone,new,0.208333333333,0.0
B00004W6NG,28,1,phone,due,0.225,0.0
B00004W6NG,28,3,phone,due,0.225,0.0
B00004W6NG,28,3,phone,compatible,0.4375,0.0
B00004W6NG,29,0,phone,short,0.0138888888889,0.131944444444
B00004W6NG,35,2,charger,plugged,0.0,0.0357142857143
B00004W6NG,35,4,charger,real,0.046875,0.03125
B00004W6NG,35,11,phone,large,0.05,0.075
B00004W6NG,35,11,phone,light,0.0875,0.0625
B00004W6NG,35,12,phone,small,0.0,0.09375
B00004W6NG,35,16,phone,last,0.00961538461538,0.0
B00004W6NG,35,20,battery,last,0.00961538461538,0.0
B00004W6NG,35,20,battery,long,0.09375,0.109375
B00004W6NG,35,25,people,short,0.0138888888889,0.131944444444
B00004W6NG,37,9,year,wrong,0.607142857143,0.0892857142857
B00004W6NG,37,10,work,better,0.515444444444,0.0215925925926
B00004W6NG,37,10,work,long,0.09375,0.109375
B00004W6NG,37,11,work,kept,0.0,0.0489130434783
B00004W6NG,37,16,charger,long,0.09375,0.109375
B00004W6NG,37,16,charger,long,0.09375,0.109375
B00004W6NG,38,2,time,available,0.375,0.0
B00004W6NG,39,7,phone,new,0.0,0.208333333333
B00004W6NG,41,9,charger,new,0.208333333333,0.0
B00004W6NG,41,11,work,sturdy,0.25,0.25
B00004W6NG,42,0,month,last,0.00961538461538,0.0
B00004W6NG,42,2,time,hard,0.015625,0.21875
B00004W6NG,42,6,time,short,0.0138888888889,0.131944444444
B00004W6NG,43,3,phone,stuck,0.0294117647059,0.0735294117647
B00004W6NG,45,1,price,good,0.515625,0.0
B00004W6NG,45,4,price,new,0.208333333333,0.0
B00004W6NG,47,1,price,low,0.0,0.0416666666667
B00004W6NG,47,4,work,bad,0.05,0.525
B00004W6NG,52,6,phone,long,0.09375,0.109375
B00004W6NG,54,7,phone,new,0.0,0.208333333333
B00004W6NG,56,5,time,original,0.291666666667,0.0
B00004W6NG,59,11,battery,good,0.0,0.515625
B00004W6NG,59,13,phone,sure,0.166666666667,0.166666666667
B00004W6NG,61,0,work,perfect,0.208333333333,0.0416666666667
B00004W6NG,61,3,phone,wrong,0.0892857142857,0.607142857143
B00004W6NG,61,4,phone,compatible,0.4375,0.0
B00004W6NG,62,3,button,little,0.025,0.425
B00004W6NG,62,4,button,little,0.025,0.425
B00004W6NG,62,8,thing,white,0.0,0.0416666666667
B00004W6NG,62,11,price,much,0.160714285714,0.0357142857143
B00004W6NG,63,1,phone,new,0.208333333333,0.0
B00004W6NG,64,1,work,short,0.0138888888889,0.131944444444
B00004W6NG,65,0,work,new,0.208333333333,0.0
B00004W6NG,65,0,work,new,0.0,0.208333333333
B00004W6NG,67,7,phone,new,0.0,0.208333333333
B00004W6NG,68,0,phone,expensive,0.5,0.0
B00004W6NG,69,0,product,long,0.09375,0.109375
B00004W6NG,69,2,charger,outside,0.0208333333333,0.0
B00004W6NG,72,1,phone,old,0.125,0.125
B00004W6NG,73,0,work,older,0.1875,0.1875
B00004W6NG,74,0,work,different,0.375,0.3125
B00004W6NG,74,8,year,older,0.1875,0.1875
B00004W6NG,77,0,phone,good,0.515625,0.0
B00004W6NG,77,0,phone,old,0.125,0.125
B00004W6NG,79,0,phone,simple,0.15625,0.15625
B00004W6NG,79,0,phone,short,0.0138888888889,0.131944444444
B00004W6NG,79,1,phone,low,0.0,0.0416666666667
B00004W6NG,79,2,phone,uncomfortable,0.0,0.6875
B00004W6NG,79,2,phone,short,0.0138888888889,0.131944444444
B00004W6NG,79,3,phone,much,0.160714285714,0.0357142857143
B00004W6NG,80,2,phone,Wrong,0.0892857142857,0.607142857143
B00004W6NG,80,2,phone,good,0.515625,0.0
B00004W6NG,81,1,phone,normal,0.125,0.15625
B00004W6NG,82,0,phone,compatible,0.4375,0.0
B00004W6NG,82,1,phone,standard,0.0972222222222,0.0416666666667
B00004W6NG,82,1,phone,regular,0.0,0.09375
B00004W6NG,82,1,phone,new,0.208333333333,0.0
B00004W6NG,82,1,phone,due,0.225,0.0
B00004W6NG,82,3,phone,due,0.225,0.0
B00004W6NG,82,3,phone,compatible,0.4375,0.0
B00004W6NG,83,0,phone,short,0.0138888888889,0.131944444444
B00004W6NG,89,2,charger,plugged,0.0,0.0357142857143
B00004W6NG,89,4,charger,real,0.046875,0.03125
B00004W6NG,89,11,phone,large,0.05,0.075
B00004W6NG,89,11,phone,light,0.0875,0.0625
B00004W6NG,89,12,phone,small,0.0,0.09375
B00004W6NG,89,16,phone,last,0.00961538461538,0.0
B00004W6NG,89,20,battery,last,0.00961538461538,0.0
B00004W6NG,89,20,battery,long,0.09375,0.109375
B00004W6NG,89,25,people,short,0.0138888888889,0.131944444444
B00004W6NG,91,9,year,wrong,0.607142857143,0.0892857142857
B00004W6NG,91,10,work,better,0.515444444444,0.0215925925926
B00004W6NG,91,10,work,long,0.09375,0.109375
B00004W6NG,91,11,work,kept,0.0,0.0489130434783
B00004W6NG,91,16,charger,long,0.09375,0.109375
B00004W6NG,91,16,charger,long,0.09375,0.109375
B00004W6NG,92,2,time,available,0.375,0.0
B00004W6NG,93,7,phone,new,0.0,0.208333333333
B00004W6NG,95,9,charger,new,0.208333333333,0.0
B00004W6NG,95,11,work,sturdy,0.25,0.25
B00004W6NG,96,0,month,last,0.00961538461538,0.0
B00004W6NG,96,2,time,hard,0.015625,0.21875
B00004W6NG,96,6,time,short,0.0138888888889,0.131944444444
B00004W6NG,97,3,phone,stuck,0.0294117647059,0.0735294117647
B00004W6NG,99,1,price,good,0.515625,0.0
B00004W6NG,99,4,price,new,0.208333333333,0.0
B00004W6NG,101,1,price,low,0.0,0.0416666666667
B00004W6NG,101,4,work,bad,0.05,0.525
B00004W6NG,106,6,phone,long,0.09375,0.109375
B00004W6NG,108,7,phone,new,0.0,0.208333333333
B00004W6NS,1,1,charger,dead,0.0833333333333,0.3125
B00004W6NS,1,4,battery,long,0.09375,0.109375
B00004W6NS,1,6,phone,new,0.208333333333,0.0
B00004W6NS,1,7,phone,digital,0.0416666666667,0.0
B00004W6NS,1,7,phone,last,0.00961538461538,0.0
B00004W6NS,1,7,phone,better,0.515444444444,0.0215925925926
B00004W6NS,1,8,phone,old,0.125,0.125
B00004W6NS,1,8,phone,reliable,0.375,0.0
B00004W6NS,2,1,charger,dead,0.0833333333333,0.3125
B00004W6NS,2,4,battery,long,0.09375,0.109375
B00004W6NS,2,6,phone,new,0.208333333333,0.0
B00004W6NS,2,7,phone,digital,0.0416666666667,0.0
B00004W6NS,2,7,phone,last,0.00961538461538,0.0
B00004W6NS,2,7,phone,better,0.515444444444,0.0215925925926
B00004W6NS,2,8,phone,old,0.125,0.125
B00004W6NS,2,8,phone,reliable,0.375,0.0
B00004W6NW,3,0,battery,less,0.0625,0.21875
B00004W6NW,3,1,phone,able,0.125,0.0
B00004W6NW,6,0,battery,less,0.0625,0.21875
B00004W6NW,6,1,phone,able,0.125,0.0
B00004W6O8,1,1,phone,sure,0.166666666667,0.166666666667
B00004W6O8,2,0,phone,different,0.375,0.3125
B00004W6O8,2,1,phone,different,0.375,0.3125
B00004W6O8,2,5,phone,second,0.0446428571429,0.0178571428571
B00004W6O8,2,7,phone,first,0.0208333333333,0.0
B00004W6O8,4,1,phone,sure,0.166666666667,0.166666666667
B00004W6O8,5,0,phone,different,0.375,0.3125
B00004W6O8,5,1,phone,different,0.375,0.3125
B00004W6O8,5,5,phone,second,0.0446428571429,0.0178571428571
B00004W6O8,5,7,phone,first,0.0208333333333,0.0
B00004W6OB,1,1,phone,due,0.225,0.0
B00004W6OB,1,1,phone,green,0.0,0.0568181818182
B00004W6OB,1,1,phone,black,0.0125,0.1
B00004W6OB,1,2,phone,happy,0.875,0.0
B00004W6OB,1,4,product,coolest,0.25,0.208333333333
B00004W6OB,2,1,phone,due,0.225,0.0
B00004W6OB,2,1,phone,green,0.0,0.0568181818182
B00004W6OB,2,1,phone,black,0.0125,0.1
B00004W6OB,2,2,phone,happy,0.875,0.0
B00004W6OB,2,4,product,coolest,0.25,0.208333333333
B00004W6OC,1,1,phone,happy,0.875,0.0
B00004W6OC,3,1,phone,happy,0.875,0.0
B00004W6OD,1,4,phone,dark,0.0535714285714,0.196428571429
B00004W6OD,1,4,phone,new,0.208333333333,0.0
B00004W6OD,2,4,phone,dark,0.0535714285714,0.196428571429
B00004W6OD,2,4,phone,new,0.208333333333,0.0
B00004W6OE,1,0,phone,easy,0.325,0.1
B00004W6OE,2,4,button,good,0.515625,0.0
B00004W6OE,2,6,button,real,0.046875,0.03125
B00004W6OE,4,4,button,good,0.515625,0.0
B00004W6OE,4,6,button,real,0.046875,0.03125
B00004W6OM,1,5,people,nicer,0.875,0.0
B00004W6OM,1,8,thing,nice,0.4375,0.0
B00004W6OM,1,10,phone,fit,0.0666666666667,0.233333333333
B00004W6OM,2,1,phone,nice,0.4375,0.0
B00004W6OM,2,2,phone,light,0.0875,0.0625
B00004W6OM,2,3,phone,nice,0.4375,0.0
B00004W6OM,2,3,phone,green,0.0,0.0568181818182
B00004W6OM,2,5,people,nicer,0.875,0.0
B00004W6OM,2,8,thing,nice,0.4375,0.0
B00004W6OM,2,10,phone,fit,0.0666666666667,0.233333333333
B00004W6OO,2,0,quality,changeable,0.5,0.125
B00004W6OO,4,0,quality,changeable,0.5,0.125
B00004W6UM,4,1,work,new,0.208333333333,0.0
B00004W6UM,4,1,work,correct,0.175,0.125
B00004W6UM,4,2,battery,new,0.208333333333,0.0
B00004W6UM,4,2,battery,old,0.125,0.125
B00004W6UM,4,3,work,sure,0.166666666667,0.166666666667
B00004W6UM,4,4,work,sure,0.166666666667,0.166666666667
B00004W6UM,5,3,phone,standard,0.0972222222222,0.0416666666667
B00004W6UM,6,1,charger,able,0.125,0.0
B00004W6UM,14,1,work,new,0.208333333333,0.0
B00004W6UM,14,1,work,correct,0.175,0.125
B00004W6UM,14,2,battery,new,0.208333333333,0.0
B00004W6UM,14,2,battery,old,0.125,0.125
B00004W6UM,14,3,work,sure,0.166666666667,0.166666666667
B00004W6UM,14,4,work,sure,0.166666666667,0.166666666667
B00004W6UM,15,3,phone,standard,0.0972222222222,0.0416666666667
B00004W6UM,16,1,charger,able,0.125,0.0
B00004W6UP,1,0,battery,difficult,0.0,0.6875
B00004W6UZ,1,0,battery,good,0.515625,0.0
B00004W6UZ,1,0,battery,hot,0.125,0.125
B00004W6UZ,1,0,battery,second,0.0446428571429,0.0178571428571
B00004W6UZ,1,3,motorola,single,0.0,0.107142857143
B00004W6UZ,1,6,battery,black,0.1,0.0125
B00004W6UZ,1,7,battery,discernable,0.0,0.75
B00004W6UZ,1,7,battery,aware,0.0,0.5625
B00004W6UZ,3,0,phone,aware,0.5625,0.0
B00004W6UZ,3,1,phone,portable,0.125,0.0
B00004W6UZ,5,2,thing,thin,0.0277777777778,0.0833333333333
B00004W6UZ,5,3,thing,hard,0.21875,0.015625
B00004W6UZ,5,4,thing,Second,0.0446428571429,0.0178571428571
B00004W6UZ,5,6,battery,flimsy,0.0,0.25
B00004W6UZ,5,8,battery,electrical,0.0625,0.0
B00004W6UZ,5,9,charger,standard,0.0972222222222,0.0416666666667
B00004W6UZ,5,14,quality,higher,0.0833333333333,0.0833333333333
B00004W6UZ,5,14,quality,cheaper,0.0,0.25
B00004W6UZ,7,1,device,easy,0.325,0.1
B00004W6UZ,7,3,charger,able,0.125,0.0
B00004W6UZ,8,2,phone,manual,0.03125,0.09375
B00004W6UZ,8,3,phone,different,0.375,0.3125
B00004W6UZ,8,7,price,different,0.375,0.3125
B00004W6UZ,8,7,price,manual,0.03125,0.09375
B00004W6UZ,9,1,time,nice,0.4375,0.0
B00004W6UZ,10,3,charger,standard,0.0972222222222,0.0416666666667
B00004W6UZ,10,4,battery,larger,0.125,0.25
B00004W6UZ,11,0,battery,good,0.515625,0.0
B00004W6UZ,11,0,battery,hot,0.125,0.125
B00004W6UZ,11,0,battery,second,0.0446428571429,0.0178571428571
B00004W6UZ,11,3,motorola,single,0.0,0.107142857143
B00004W6UZ,11,6,battery,black,0.1,0.0125
B00004W6UZ,11,7,battery,discernable,0.0,0.75
B00004W6UZ,11,7,battery,aware,0.0,0.5625
B00004W6UZ,13,0,phone,aware,0.5625,0.0
B00004W6UZ,13,1,phone,portable,0.125,0.0
B00004W6UZ,15,2,thing,thin,0.0277777777778,0.0833333333333
B00004W6UZ,15,3,thing,hard,0.21875,0.015625
B00004W6UZ,15,4,thing,Second,0.0446428571429,0.0178571428571
B00004W6UZ,15,6,battery,flimsy,0.0,0.25
B00004W6UZ,15,8,battery,electrical,0.0625,0.0
B00004W6UZ,15,9,charger,standard,0.0972222222222,0.0416666666667
B00004W6UZ,15,14,quality,higher,0.0833333333333,0.0833333333333
B00004W6UZ,15,14,quality,cheaper,0.0,0.25
B00004W6UZ,17,1,device,easy,0.325,0.1
B00004W6UZ,17,3,charger,able,0.125,0.0
B00004W6UZ,18,2,phone,manual,0.03125,0.09375
B00004W6UZ,18,3,phone,different,0.375,0.3125
B00004W6UZ,18,7,price,different,0.375,0.3125
B00004W6UZ,18,7,price,manual,0.03125,0.09375
B00004W6UZ,19,1,time,nice,0.4375,0.0
B00004W6UZ,20,3,charger,standard,0.0972222222222,0.0416666666667
B00004W6UZ,20,4,battery,larger,0.125,0.25
B00004W6V0,1,1,button,perfect,0.208333333333,0.0416666666667
B00004W6V0,1,3,problem,fit,0.233333333333,0.0666666666667
B00004W6V0,1,3,problem,good,0.515625,0.0
B00004W6V0,3,1,month,short,0.0138888888889,0.131944444444
B00004W6V0,4,9,time,last,0.00961538461538,0.0
B00004W6V0,4,11,work,perfect,0.208333333333,0.0416666666667
B00004W6V0,5,0,phone,new,0.208333333333,0.0
B00004W6V0,5,2,year,happy,0.875,0.0
B00004W6V0,5,2,year,comparable,0.5,0.0
B00004W6V0,5,3,phone,new,0.208333333333,0.0
B00004W6V0,5,5,sound,real,0.046875,0.03125
B00004W6V0,6,5,sound,similar,0.208333333333,0.166666666667
B00004W6V0,6,5,sound,regular,0.09375,0.0
B00004W6V0,8,8,headset,first,0.0208333333333,0.0
B00004W6V0,8,9,work,better,0.515444444444,0.0215925925926
B00004W6V0,9,4,problem,much,0.0357142857143,0.160714285714
B00004W6V0,9,5,device,sufficient,0.125,0.75
B00004W6V0,9,5,device,free,0.1328125,0.0859375
B00004W6V0,9,6,device,hard,0.015625,0.21875
B00004W6V0,9,6,device,uncomfortable,0.0,0.6875
B00004W6V0,9,8,people,able,0.125,0.0
B00004W6V0,10,0,call,certain,0.0625,0.125
B00004W6V0,10,6,thing,certain,0.0625,0.125
B00004W6V0,10,10,people,good,0.515625,0.0
B00004W6V0,10,11,phone,hot,0.125,0.125
B00004W6V0,10,12,button,little,0.025,0.425
B00004W6V0,10,13,feature,nice,0.4375,0.0
B00004W6V0,10,14,feature,nice,0.4375,0.0
B00004W6V0,10,14,feature,certain,0.0625,0.125
B00004W6V0,11,1,sound,poor,0.0,0.15625
B00004W6V0,12,1,people,large,0.05,0.075
B00004W6V0,12,3,problem,slightest,0.0,0.375
B00004W6V0,13,0,people,normal,0.125,0.15625
B00004W6V0,13,2,problem,similar,0.208333333333,0.166666666667
B00004W6V0,13,2,problem,popular,0.125,0.0
B00004W6V0,14,1,sound,natural,0.0714285714286,0.196428571429
B00004W6V0,14,1,sound,relative,0.0833333333333,0.166666666667
B00004W6V0,14,2,sound,better,0.515444444444,0.0215925925926
B00004W6V0,14,8,button,normal,0.125,0.15625
B00004W6V0,14,8,button,good,0.515625,0.0
B00004W6V0,14,8,button,relative,0.0833333333333,0.166666666667
B00004W6V0,14,11,phone,able,0.125,0.0
B00004W6V0,16,4,problem,delicate,0.556,0.444
B00004W6V0,17,4,headset,better,0.515444444444,0.0215925925926
B00004W6V0,17,4,headset,free,0.1328125,0.0859375
B00004W6V0,18,1,button,perfect,0.208333333333,0.0416666666667
B00004W6V0,18,3,problem,fit,0.233333333333,0.0666666666667
B00004W6V0,18,3,problem,good,0.515625,0.0
B00004W6V0,20,1,month,short,0.0138888888889,0.131944444444
B00004W6V0,21,9,time,last,0.00961538461538,0.0
B00004W6V0,21,11,work,perfect,0.208333333333,0.0416666666667
B00004W6V0,22,0,phone,new,0.208333333333,0.0
B00004W6V0,22,2,year,happy,0.875,0.0
B00004W6V0,22,2,year,comparable,0.5,0.0
B00004W6V0,22,3,phone,new,0.208333333333,0.0
B00004W6V0,22,5,sound,real,0.046875,0.03125
B00004W6V0,23,5,sound,similar,0.208333333333,0.166666666667
B00004W6V0,23,5,sound,regular,0.09375,0.0
B00004W6V0,25,8,headset,first,0.0208333333333,0.0
B00004W6V0,25,9,work,better,0.515444444444,0.0215925925926
B00004W6V0,26,4,problem,much,0.0357142857143,0.160714285714
B00004W6V0,26,5,device,sufficient,0.125,0.75
B00004W6V0,26,5,device,free,0.1328125,0.0859375
B00004W6V0,26,6,device,hard,0.015625,0.21875
B00004W6V0,26,6,device,uncomfortable,0.0,0.6875
B00004W6V0,26,8,people,able,0.125,0.0
B00004W6V0,27,0,call,certain,0.0625,0.125
B00004W6V0,27,6,thing,certain,0.0625,0.125
B00004W6V0,27,10,people,good,0.515625,0.0
B00004W6V0,27,11,phone,hot,0.125,0.125
B00004W6V0,27,12,button,little,0.025,0.425
B00004W6V0,27,13,feature,nice,0.4375,0.0
B00004W6V0,27,14,feature,nice,0.4375,0.0
B00004W6V0,27,14,feature,certain,0.0625,0.125
B00004W6V0,28,1,sound,poor,0.0,0.15625
B00004W6V0,29,1,people,large,0.05,0.075
B00004W6V0,29,3,problem,slightest,0.0,0.375
B00004W6V0,30,0,people,normal,0.125,0.15625
B00004W6V0,30,2,problem,similar,0.208333333333,0.166666666667
B00004W6V0,30,2,problem,popular,0.125,0.0
B00004W6V0,31,1,sound,natural,0.0714285714286,0.196428571429
B00004W6V0,31,1,sound,relative,0.0833333333333,0.166666666667
B00004W6V0,31,2,sound,better,0.515444444444,0.0215925925926
B00004W6V0,31,8,button,normal,0.125,0.15625
B00004W6V0,31,8,button,good,0.515625,0.0
B00004W6V0,31,8,button,relative,0.0833333333333,0.166666666667
B00004W6V0,31,11,phone,able,0.125,0.0
B00004W6V0,33,4,problem,delicate,0.556,0.444
B00004W6V0,34,4,headset,better,0.515444444444,0.0215925925926
B00004W6V0,34,4,headset,free,0.1328125,0.0859375
B00004W6V7,1,6,sound,clear,0.11328125,0.015625
B00004W6V7,3,2,phone,fit,0.233333333333,0.0666666666667
B00004W6V7,5,2,phone,convenient,0.3125,0.125
B00004W6V7,5,2,phone,comfortable,0.3125,0.375
B00004W6V7,5,9,phone,right,0.152777777778,0.0277777777778
B00004W6V7,6,1,phone,best,0.414869565217,0.025347826087
B00004W6V7,7,0,product,easiest,0.625,0.25
B00004W6V7,7,0,product,easy,0.325,0.1
B00004W6V7,8,4,sound,sound,0.0808823529412,0.00735294117647
B00004W6V7,9,6,sound,clear,0.11328125,0.015625
B00004W6V7,11,2,phone,fit,0.233333333333,0.0666666666667
B00004W6V7,13,2,phone,convenient,0.3125,0.125
B00004W6V7,13,2,phone,comfortable,0.3125,0.375
B00004W6V7,13,9,phone,right,0.152777777778,0.0277777777778
B00004W6V7,14,1,phone,best,0.414869565217,0.025347826087
B00004W6V7,15,0,product,easiest,0.625,0.25
B00004W6V7,15,0,product,easy,0.325,0.1
B00004W6V7,16,4,sound,sound,0.0808823529412,0.00735294117647
B00004W6V9,1,2,thing,good,0.0,0.515625
B00004W6V9,1,3,case,normal,0.125,0.15625
B00004W6V9,1,8,call,reasonable,0.5,0.0
B00004W6V9,1,8,call,unintelligible,0.375,0.0
B00004W6V9,2,3,phone,different,0.375,0.3125
B00004W6V9,3,0,motorola,last,0.00961538461538,0.0
B00004W6V9,3,1,quality,clear,0.11328125,0.015625
B00004W6V9,3,3,sound,clear,0.11328125,0.015625
B00004W6V9,3,3,sound,quiet,0.125,0.2125
B00004W6V9,3,6,work,impressive,0.125,0.0
B00004W6V9,4,3,device,comfortable,0.3125,0.375
B00004W6V9,4,9,quality,free,0.1328125,0.0859375
B00004W6V9,4,11,device,clear,0.11328125,0.015625
B00004W6V9,4,12,device,comfortable,0.3125,0.375
B00004W6V9,4,14,phone,secondary,0.0,0.25
B00004W6V9,5,19,quality,good,0.515625,0.0
B00004W6V9,5,19,quality,long,0.09375,0.109375
B00004W6V9,5,23,quality,present,0.00694444444444,0.00694444444444
B00004W6V9,5,26,quality,high,0.0446428571429,0.0267857142857
B00004W6V9,5,26,quality,free,0.1328125,0.0859375
B00004W6V9,6,7,problem,better,0.515444444444,0.0215925925926
B00004W6V9,6,7,problem,convenient,0.3125,0.125
B00004W6V9,7,0,work,quiet,0.125,0.2125
B00004W6V9,7,2,price,good,0.515625,0.0
B00004W6V9,8,1,sound,good,0.515625,0.0
B00004W6V9,9,0,phone,available,0.375,0.0
B00004W6V9,10,1,work,low,0.0,0.0416666666667
B00004W6V9,12,3,quality,best,0.414869565217,0.025347826087
B00004W6V9,13,2,thing,good,0.0,0.515625
B00004W6V9,13,3,case,normal,0.125,0.15625
B00004W6V9,13,8,call,reasonable,0.5,0.0
B00004W6V9,13,8,call,unintelligible,0.375,0.0
B00004W6V9,14,3,phone,different,0.375,0.3125
B00004W6V9,15,0,motorola,last,0.00961538461538,0.0
B00004W6V9,15,1,quality,clear,0.11328125,0.015625
B00004W6V9,15,3,sound,clear,0.11328125,0.015625
B00004W6V9,15,3,sound,quiet,0.125,0.2125
B00004W6V9,15,6,work,impressive,0.125,0.0
B00004W6V9,16,3,device,comfortable,0.3125,0.375
B00004W6V9,16,9,quality,free,0.1328125,0.0859375
B00004W6V9,16,11,device,clear,0.11328125,0.015625
B00004W6V9,16,12,device,comfortable,0.3125,0.375
B00004W6V9,16,14,phone,secondary,0.0,0.25
B00004W6V9,17,19,quality,good,0.515625,0.0
B00004W6V9,17,19,quality,long,0.09375,0.109375
B00004W6V9,17,23,quality,present,0.00694444444444,0.00694444444444
B00004W6V9,17,26,quality,high,0.0446428571429,0.0267857142857
B00004W6V9,17,26,quality,free,0.1328125,0.0859375
B00004W6V9,18,7,problem,better,0.515444444444,0.0215925925926
B00004W6V9,18,7,problem,convenient,0.3125,0.125
B00004W6V9,19,0,work,quiet,0.125,0.2125
B00004W6V9,19,2,price,good,0.515625,0.0
B00004W6V9,20,1,sound,good,0.515625,0.0
B00004W6V9,21,0,phone,available,0.375,0.0
B00004W6V9,22,1,work,low,0.0,0.0416666666667
B00004W6V9,24,3,quality,best,0.414869565217,0.025347826087
B00004W6VB,1,2,sound,normal,0.125,0.15625
B00004W6VB,1,10,month,short,0.0138888888889,0.131944444444
B00004W6VB,1,10,month,better,0.515444444444,0.0215925925926
B00004W6VB,1,13,problem,rough,0.03125,0.25
B00004W6VB,2,11,quality,comfortable,0.3125,0.375
B00004W6VB,2,11,quality,long,0.09375,0.109375
B00004W6VB,3,3,work,uncomfortable,0.0,0.6875
B00004W6VB,3,3,work,wrong,0.0892857142857,0.607142857143
B00004W6VB,4,2,problem,Biggest,0.25,0.125
B00004W6VB,5,4,quality,perfect,0.208333333333,0.0416666666667
B00004W6VB,5,6,phone,live,0.0909090909091,0.0
B00004W6VB,6,1,quality,acceptable,0.625,0.0
B00004W6VB,7,3,quality,low,0.0,0.0416666666667
B00004W6VB,8,3,quality,worse,0.196833333333,0.532333333333
B00004W6VB,8,3,quality,normal,0.125,0.15625
B00004W6VB,8,4,sound,distant,0.0625,0.0
B00004W6VB,11,0,product,free,0.1328125,0.0859375
B00004W6VB,12,2,thing,following,0.0462962962963,0.0
B00004W6VB,14,5,phone,unintelligible,0.375,0.0
B00004W6VB,14,6,time,little,0.025,0.425
B00004W6VB,14,6,time,first,0.0208333333333,0.0
B00004W6VB,15,1,sound,clear,0.11328125,0.015625
B00004W6VB,15,7,product,good,0.515625,0.0
B00004W6VB,15,7,product,reasonable,0.5,0.0
B00004W6VB,16,5,phone,small,0.0,0.09375
B00004W6VB,16,5,phone,large,0.05,0.075
B00004W6VB,17,0,problem,true,0.25,0.125
B00004W6VB,18,2,work,first,0.0208333333333,0.0
B00004W6VB,18,2,work,sure,0.166666666667,0.166666666667
B00004W6VB,18,2,work,good,0.515625,0.0
B00004W6VB,20,4,call,clear,0.11328125,0.015625
B00004W6VB,20,6,call,top,0.00568181818182,0.0170454545455
B00004W6VB,21,1,time,harder,0.015625,0.21875
B00004W6VB,21,3,product,similar,0.208333333333,0.166666666667
B00004W6VB,25,2,sound,normal,0.125,0.15625
B00004W6VB,25,10,month,short,0.0138888888889,0.131944444444
B00004W6VB,25,10,month,better,0.515444444444,0.0215925925926
B00004W6VB,25,13,problem,rough,0.03125,0.25
B00004W6VB,26,11,quality,comfortable,0.3125,0.375
B00004W6VB,26,11,quality,long,0.09375,0.109375
B00004W6VB,27,3,work,uncomfortable,0.0,0.6875
B00004W6VB,27,3,work,wrong,0.0892857142857,0.607142857143
B00004W6VB,28,2,problem,Biggest,0.25,0.125
B00004W6VB,29,4,quality,perfect,0.208333333333,0.0416666666667
B00004W6VB,29,6,phone,live,0.0909090909091,0.0
B00004W6VB,30,1,quality,acceptable,0.625,0.0
B00004W6VB,31,3,quality,low,0.0,0.0416666666667
B00004W6VB,32,3,quality,worse,0.196833333333,0.532333333333
B00004W6VB,32,3,quality,normal,0.125,0.15625
B00004W6VB,32,4,sound,distant,0.0625,0.0
B00004W6VB,35,0,product,free,0.1328125,0.0859375
B00004W6VB,36,2,thing,following,0.0462962962963,0.0
B00004W6VB,38,5,phone,unintelligible,0.375,0.0
B00004W6VB,38,6,time,little,0.025,0.425
B00004W6VB,38,6,time,first,0.0208333333333,0.0
B00004W6VB,39,1,sound,clear,0.11328125,0.015625
B00004W6VB,39,7,product,good,0.515625,0.0
B00004W6VB,39,7,product,reasonable,0.5,0.0
B00004W6VB,40,5,phone,small,0.0,0.09375
B00004W6VB,40,5,phone,large,0.05,0.075
B00004W6VB,41,0,problem,true,0.25,0.125
B00004W6VB,42,2,work,first,0.0208333333333,0.0
B00004W6VB,42,2,work,sure,0.166666666667,0.166666666667
B00004W6VB,42,2,work,good,0.515625,0.0
B00004W6VB,44,4,call,clear,0.11328125,0.015625
B00004W6VB,44,6,call,top,0.00568181818182,0.0170454545455
B00004W6VB,45,1,time,harder,0.015625,0.21875
B00004W6VB,45,3,product,similar,0.208333333333,0.166666666667
B00004W6VG,2,0,battery,good,0.515625,0.0
B00004W6VG,2,4,phone,expensive,0.5,0.0
B00004W6VG,4,0,battery,good,0.515625,0.0
B00004W6VG,4,4,phone,expensive,0.5,0.0
B00004W6VH,1,0,battery,bigger,0.25,0.125
B00004W6VH,1,0,battery,powerful,0.1875,0.0
B00004W6VH,1,2,time,good,0.0,0.515625
B00004W6VH,1,5,phone,regular,0.0,0.09375
B00004W6VH,2,0,battery,old,0.125,0.125
B00004W6VH,2,5,battery,extended,0.0486111111111,0.00694444444444
B00004W6VH,2,6,time,original,0.291666666667,0.0
B00004W6VH,2,11,battery,extended,0.0486111111111,0.00694444444444
B00004W6VH,2,11,battery,heavy,0.0277777777778,0.0555555555556
B00004W6VH,3,1,battery,standard,0.0972222222222,0.0416666666667
B00004W6VH,4,0,battery,bigger,0.25,0.125
B00004W6VH,4,0,battery,powerful,0.1875,0.0
B00004W6VH,4,2,time,good,0.0,0.515625
B00004W6VH,4,5,phone,regular,0.0,0.09375
B00004W6VH,5,0,battery,old,0.125,0.125
B00004W6VH,5,5,battery,extended,0.0486111111111,0.00694444444444
B00004W6VH,5,6,time,original,0.291666666667,0.0
B00004W6VH,5,11,battery,extended,0.0486111111111,0.00694444444444
B00004W6VH,5,11,battery,heavy,0.0277777777778,0.0555555555556
B00004W6VH,6,1,battery,standard,0.0972222222222,0.0416666666667
B00004W6VJ,1,4,phone,weak,0.125,0.5
B00004W6VJ,1,5,battery,bad,0.525,0.05
B00004W6VJ,2,0,thing,bad,0.05,0.525
B00004W6VJ,4,4,phone,weak,0.125,0.5
B00004W6VJ,4,5,battery,bad,0.525,0.05
B00004W6VJ,5,0,thing,bad,0.05,0.525
B00004W6VN,1,0,battery,regular,0.0,0.09375
B00004W6VN,1,1,charger,second,0.0446428571429,0.0178571428571
B00004W6VN,1,2,phone,whole,0.125,0.0
B00004W6VN,1,2,phone,less,0.0625,0.21875
B00004W6VN,1,4,phone,free,0.1328125,0.0859375
B00004W6VN,2,0,battery,regular,0.0,0.09375
B00004W6VN,2,1,charger,second,0.0446428571429,0.0178571428571
B00004W6VN,2,2,phone,whole,0.125,0.0
B00004W6VN,2,2,phone,less,0.0625,0.21875
B00004W6VN,2,4,phone,free,0.1328125,0.0859375
B00004W6VV,1,5,battery,digital,0.0416666666667,0.0
B00004W6VV,1,12,case,original,0.291666666667,0.0
B00004W6VV,2,1,battery,free,0.1328125,0.0859375
B00004W6VV,2,3,time,last,0.00961538461538,0.0
B00004W6VV,3,1,charger,good,0.515625,0.0
B00004W6VV,3,3,battery,last,0.00961538461538,0.0
B00004W6VV,3,3,battery,good,0.515625,0.0
B00004W6VV,3,3,battery,new,0.208333333333,0.0
B00004W6VV,4,5,battery,digital,0.0416666666667,0.0
B00004W6VV,4,12,case,original,0.291666666667,0.0
B00004W6VV,5,1,battery,free,0.1328125,0.0859375
B00004W6VV,5,3,time,last,0.00961538461538,0.0
B00004W6VV,6,1,charger,good,0.515625,0.0
B00004W6VV,6,3,battery,last,0.00961538461538,0.0
B00004W6VV,6,3,battery,good,0.515625,0.0
B00004W6VV,6,3,battery,new,0.208333333333,0.0
B00004W6Y6,1,1,product,inferior,0.0,0.354166666667
B00004W6Y6,1,2,quality,good,0.515625,0.0
B00004W6Y6,1,3,people,discreet,0.625,0.0
B00004W6Y6,1,9,phone,comfortable,0.3125,0.375
B00004W6Y6,2,0,year,last,0.00961538461538,0.0
B00004W6Y6,2,0,year,large,0.05,0.075
B00004W6Y6,2,3,year,difficult,0.0,0.6875
B00004W6Y6,2,3,year,free,0.1328125,0.0859375
B00004W6Y6,2,4,call,free,0.1328125,0.0859375
B00004W6Y6,2,5,call,free,0.1328125,0.0859375
B00004W6Y6,2,5,call,hard,0.015625,0.21875
B00004W6Y6,2,7,headset,good,0.515625,0.0
B00004W6Y6,2,12,call,long,0.09375,0.109375
B00004W6Y6,2,13,call,comfortable,0.3125,0.375
B00004W6Y6,2,13,call,past,0.0,0.05
B00004W6Y6,3,1,work,best,0.414869565217,0.025347826087
B00004W6Y6,3,2,product,Potential,0.0,0.0833333333333
B00004W6Y6,3,2,product,good,0.515625,0.0
B00004W6Y6,3,5,year,anonymous,0.0,0.5
B00004W6Y6,3,6,headset,normal,0.125,0.15625
B00004W6Y6,5,1,headset,able,0.0,0.125
B00004W6Y6,5,1,headset,uncomfortable,0.0,0.6875
B00004W6Y6,5,6,quality,good,0.515625,0.0
B00004W6Y6,5,7,quality,friendly,0.0625,0.1875
B00004W6Y6,6,9,phone,sure,0.166666666667,0.166666666667
B00004W6Y6,6,9,phone,main,0.0833333333333,0.0
B00004W6Y6,8,4,time,much,0.0357142857143,0.160714285714
B00004W6Y6,8,4,time,static,0.0,0.125
B00004W6Y6,8,5,sound,complete,0.104166666667,0.0
B00004W6Y6,8,6,product,cheaper,0.0,0.25
B00004W6Y6,9,7,headset,little,0.025,0.425
B00004W6Y6,9,14,thing,last,0.00961538461538,0.0
B00004W6Y6,9,14,thing,small,0.0,0.09375
B00004W6Y6,9,14,thing,familiar,0.05,0.1
B00004W6Y6,10,0,sound,high,0.0446428571429,0.0267857142857
B00004W6Y6,11,0,phone,compatible,0.0,0.4375
B00004W6Y6,11,1,phone,small,0.0,0.09375
B00004W6Y6,13,3,phone,different,0.375,0.3125
B00004W6Y6,14,9,quality,unbreakable,0.0,0.625
B00004W6Y6,18,4,headset,short,0.0138888888889,0.131944444444
B00004W6Y6,18,8,quality,better,0.515444444444,0.0215925925926
B00004W6Y6,18,8,quality,better,0.515444444444,0.0215925925926
B00004W6Y6,18,8,quality,good,0.515625,0.0
B00004W6Y6,19,1,time,uncomfortable,0.0,0.6875
B00004W6Y6,20,2,phone,uncomfortable,0.0,0.6875
B00004W6Y6,20,3,phone,longer,0.0535714285714,0.0714285714286
B00004W6Y6,21,0,quality,possible,0.3125,0.0625
B00004W6Y6,21,4,phone,open,0.0416666666667,0.0416666666667
B00004W6Y6,21,5,case,expensive,0.5,0.0
B00004W6Y6,21,6,case,comfortable,0.3125,0.375
B00004W6Y6,22,0,phone,past,0.0,0.05
B00004W6Y6,22,0,phone,free,0.1328125,0.0859375
B00004W6Y6,23,1,quality,maximal,0.5,0.25
B00004W6Y6,23,6,quality,superior,0.225,0.0
B00004W6Y6,23,6,quality,sophisticated,0.15,0.025
B00004W6Y6,24,1,headset,flimsy,0.0,0.25
B00004W6Y6,24,2,headset,new,0.208333333333,0.0
B00004W6Y6,24,3,motorola,much,0.160714285714,0.0357142857143
B00004W6Y6,25,3,sound,real,0.046875,0.03125
B00004W6Y6,25,5,battery,low,0.0,0.0416666666667
B00004W6Y6,25,8,battery,convenient,0.3125,0.125
B00004W6Y6,26,2,phone,flimsy,0.0,0.25
B00004W6Y6,27,1,product,inferior,0.0,0.354166666667
B00004W6Y6,27,2,quality,good,0.515625,0.0
B00004W6Y6,27,3,people,discreet,0.625,0.0
B00004W6Y6,27,9,phone,comfortable,0.3125,0.375
B00004W6Y6,28,0,year,last,0.00961538461538,0.0
B00004W6Y6,28,0,year,large,0.05,0.075
B00004W6Y6,28,3,year,difficult,0.0,0.6875
B00004W6Y6,28,3,year,free,0.1328125,0.0859375
B00004W6Y6,28,4,call,free,0.1328125,0.0859375
B00004W6Y6,28,5,call,free,0.1328125,0.0859375
B00004W6Y6,28,5,call,hard,0.015625,0.21875
B00004W6Y6,28,7,headset,good,0.515625,0.0
B00004W6Y6,28,12,call,long,0.09375,0.109375
B00004W6Y6,28,13,call,comfortable,0.3125,0.375
B00004W6Y6,28,13,call,past,0.0,0.05
B00004W6Y6,29,1,work,best,0.414869565217,0.025347826087
B00004W6Y6,29,2,product,Potential,0.0,0.0833333333333
B00004W6Y6,29,2,product,good,0.515625,0.0
B00004W6Y6,29,5,year,anonymous,0.0,0.5
B00004W6Y6,29,6,headset,normal,0.125,0.15625
B00004W6Y6,31,1,headset,able,0.0,0.125
B00004W6Y6,31,1,headset,uncomfortable,0.0,0.6875
B00004W6Y6,31,6,quality,good,0.515625,0.0
B00004W6Y6,31,7,quality,friendly,0.0625,0.1875
B00004W6Y6,32,9,phone,sure,0.166666666667,0.166666666667
B00004W6Y6,32,9,phone,main,0.0833333333333,0.0
B00004W6Y6,34,4,time,much,0.0357142857143,0.160714285714
B00004W6Y6,34,4,time,static,0.0,0.125
B00004W6Y6,34,5,sound,complete,0.104166666667,0.0
B00004W6Y6,34,6,product,cheaper,0.0,0.25
B00004W6Y6,35,7,headset,little,0.025,0.425
B00004W6Y6,35,14,thing,last,0.00961538461538,0.0
B00004W6Y6,35,14,thing,small,0.0,0.09375
B00004W6Y6,35,14,thing,familiar,0.05,0.1
B00004W6Y6,36,0,sound,high,0.0446428571429,0.0267857142857
B00004W6Y6,37,0,phone,compatible,0.0,0.4375
B00004W6Y6,37,1,phone,small,0.0,0.09375
B00004W6Y6,39,3,phone,different,0.375,0.3125
B00004W6Y6,40,9,quality,unbreakable,0.0,0.625
B00004W6Y6,44,4,headset,short,0.0138888888889,0.131944444444
B00004W6Y6,44,8,quality,better,0.515444444444,0.0215925925926
B00004W6Y6,44,8,quality,better,0.515444444444,0.0215925925926
B00004W6Y6,44,8,quality,good,0.515625,0.0
B00004W6Y6,45,1,time,uncomfortable,0.0,0.6875
B00004W6Y6,46,2,phone,uncomfortable,0.0,0.6875
B00004W6Y6,46,3,phone,longer,0.0535714285714,0.0714285714286
B00004W6Y6,47,0,quality,possible,0.3125,0.0625
B00004W6Y6,47,4,phone,open,0.0416666666667,0.0416666666667
B00004W6Y6,47,5,case,expensive,0.5,0.0
B00004W6Y6,47,6,case,comfortable,0.3125,0.375
B00004W6Y6,48,0,phone,past,0.0,0.05
B00004W6Y6,48,0,phone,free,0.1328125,0.0859375
B00004W6Y6,49,1,quality,maximal,0.5,0.25
B00004W6Y6,49,6,quality,superior,0.225,0.0
B00004W6Y6,49,6,quality,sophisticated,0.15,0.025
B00004W6Y6,50,1,headset,flimsy,0.0,0.25
B00004W6Y6,50,2,headset,new,0.208333333333,0.0
B00004W6Y6,50,3,motorola,much,0.160714285714,0.0357142857143
B00004W6Y6,51,3,sound,real,0.046875,0.03125
B00004W6Y6,51,5,battery,low,0.0,0.0416666666667
B00004W6Y6,51,8,battery,convenient,0.3125,0.125
B00004W6Y6,52,2,phone,flimsy,0.0,0.25
B00004W6YO,1,2,thing,better,0.515444444444,0.0215925925926
B00004W6YO,2,1,thing,best,0.414869565217,0.025347826087
B00004W6YO,4,5,time,first,0.0208333333333,0.0
B00004W6YO,5,4,button,expensive,0.5,0.0
B00004W6YO,6,4,phone,like,0.2625,0.025
B00004W6YO,6,6,sound,aware,0.5625,0.0
B00004W6YO,6,8,quality,impressive,0.125,0.0
B00004W6YO,7,1,sound,clear,0.11328125,0.015625
B00004W6YO,8,0,phone,best,0.414869565217,0.025347826087
B00004W6YO,8,0,phone,free,0.1328125,0.0859375
B00004W6YO,8,2,year,less,0.0625,0.21875
B00004W6YO,8,4,headset,careful,0.5,0.0
B00004W6YO,8,6,headset,careful,0.5,0.0
B00004W6YO,8,6,headset,high,0.0446428571429,0.0267857142857
B00004W6YO,8,7,headset,sensitive,0.125,0.09375
B00004W6YO,8,9,phone,high,0.0446428571429,0.0267857142857
B00004W6YO,8,11,product,best,0.414869565217,0.025347826087
B00004W6YO,9,0,thing,best,0.414869565217,0.025347826087
B00004W6YO,9,0,thing,different,0.3125,0.375
B00004W6YO,9,1,phone,clear,0.11328125,0.015625
B00004W6YO,9,3,phone,primary,0.1,0.025
B00004W6YO,10,0,headset,fit,0.233333333333,0.0666666666667
B00004W6YO,11,2,headset,usual,0.125,0.0
B00004W6YO,11,2,headset,old,0.125,0.125
B00004W6YO,11,2,headset,new,0.208333333333,0.0
B00004W6YO,11,10,time,higher,0.0833333333333,0.0833333333333
B00004W6YO,12,0,year,old,0.125,0.125
B00004W6YO,12,8,thing,good,0.515625,0.0
B00004W6YO,13,1,sound,clear,0.11328125,0.015625
B00004W6YO,16,7,work,first,0.0208333333333,0.0
B00004W6YO,16,9,call,last,0.00961538461538,0.0
B00004W6YO,16,9,call,long,0.09375,0.109375
B00004W6YO,16,12,sound,expensive,0.5,0.0
B00004W6YO,16,16,button,hard,0.015625,0.21875
B00004W6YO,16,17,button,free,0.1328125,0.0859375
B00004W6YO,17,3,quality,clear,0.11328125,0.015625
B00004W6YO,17,4,quality,major,0.09375,0.0729166666667
B00004W6YO,17,4,quality,much,0.160714285714,0.0357142857143
B00004W6YO,17,5,quality,sensitive,0.125,0.09375
B00004W6YO,18,1,headset,happy,0.875,0.0
B00004W6YO,18,2,product,necessary,0.3125,0.0625
B00004W6YO,18,2,product,easy,0.325,0.1
B00004W6YO,18,3,product,light,0.0875,0.0625
B00004W6YO,18,5,sound,good,0.515625,0.0
B00004W6YO,19,6,thing,careful,0.5,0.0
B00004W6YO,19,6,thing,less,0.21875,0.0625
B00004W6YO,24,2,thing,better,0.515444444444,0.0215925925926
B00004W6YO,25,1,thing,best,0.414869565217,0.025347826087
B00004W6YO,27,5,time,first,0.0208333333333,0.0
B00004W6YO,28,4,button,expensive,0.5,0.0
B00004W6YO,29,4,phone,like,0.2625,0.025
B00004W6YO,29,6,sound,aware,0.5625,0.0
B00004W6YO,29,8,quality,impressive,0.125,0.0
B00004W6YO,30,1,sound,clear,0.11328125,0.015625
B00004W6YO,31,0,phone,best,0.414869565217,0.025347826087
B00004W6YO,31,0,phone,free,0.1328125,0.0859375
B00004W6YO,31,2,year,less,0.0625,0.21875
B00004W6YO,31,4,headset,careful,0.5,0.0
B00004W6YO,31,6,headset,careful,0.5,0.0
B00004W6YO,31,6,headset,high,0.0446428571429,0.0267857142857
B00004W6YO,31,7,headset,sensitive,0.125,0.09375
B00004W6YO,31,9,phone,high,0.0446428571429,0.0267857142857
B00004W6YO,31,11,product,best,0.414869565217,0.025347826087
B00004W6YO,32,0,thing,best,0.414869565217,0.025347826087
B00004W6YO,32,0,thing,different,0.3125,0.375
B00004W6YO,32,1,phone,clear,0.11328125,0.015625
B00004W6YO,32,3,phone,primary,0.1,0.025
B00004W6YO,33,0,headset,fit,0.233333333333,0.0666666666667
B00004W6YO,34,2,headset,usual,0.125,0.0
B00004W6YO,34,2,headset,old,0.125,0.125
B00004W6YO,34,2,headset,new,0.208333333333,0.0
B00004W6YO,34,10,time,higher,0.0833333333333,0.0833333333333
B00004W6YO,35,0,year,old,0.125,0.125
B00004W6YO,35,8,thing,good,0.515625,0.0
B00004W6YO,36,1,sound,clear,0.11328125,0.015625
B00004W6YO,39,7,work,first,0.0208333333333,0.0
B00004W6YO,39,9,call,last,0.00961538461538,0.0
B00004W6YO,39,9,call,long,0.09375,0.109375
B00004W6YO,39,12,sound,expensive,0.5,0.0
B00004W6YO,39,16,button,hard,0.015625,0.21875
B00004W6YO,39,17,button,free,0.1328125,0.0859375
B00004W6YO,40,3,quality,clear,0.11328125,0.015625
B00004W6YO,40,4,quality,major,0.09375,0.0729166666667
B00004W6YO,40,4,quality,much,0.160714285714,0.0357142857143
B00004W6YO,40,5,quality,sensitive,0.125,0.09375
B00004W6YO,41,1,headset,happy,0.875,0.0
B00004W6YO,41,2,product,necessary,0.3125,0.0625
B00004W6YO,41,2,product,easy,0.325,0.1
B00004W6YO,41,3,product,light,0.0875,0.0625
B00004W6YO,41,5,sound,good,0.515625,0.0
B00004W6YO,42,6,thing,careful,0.5,0.0
B00004W6YO,42,6,thing,less,0.21875,0.0625
B00004W6YU,1,1,phone,good,0.0,0.515625
B00004W6YU,2,1,time,short,0.0138888888889,0.131944444444
B00004W6YU,2,1,time,original,0.291666666667,0.0
B00004W6YU,2,2,motorola,original,0.291666666667,0.0
B00004W6YU,2,4,motorola,stronger,0.0,0.375
B00004W6YU,3,1,phone,good,0.0,0.515625
B00004W6YU,4,1,time,short,0.0138888888889,0.131944444444
B00004W6YU,4,1,time,original,0.291666666667,0.0
B00004W6YU,4,2,motorola,original,0.291666666667,0.0
B00004W6YU,4,4,motorola,stronger,0.0,0.375
B00004W6YW,1,3,phone,second,0.0446428571429,0.0178571428571
B00004W6YW,1,3,phone,first,0.0208333333333,0.0
B00004W6YW,1,7,phone,comfortable,0.3125,0.375
B00004W6YW,2,2,phone,easy,0.325,0.1
B00004W6YW,3,1,phone,easy,0.325,0.1
B00004W6YW,3,3,phone,nice,0.4375,0.0
B00004W6YW,3,4,month,normal,0.125,0.15625
B00004W6YW,4,1,time,past,0.0,0.05
B00004W6YW,4,3,phone,new,0.208333333333,0.0
B00004W6YW,5,2,time,short,0.0138888888889,0.131944444444
B00004W6YW,5,2,time,free,0.1328125,0.0859375
B00004W6YW,5,3,thing,hard,0.015625,0.21875
B00004W6YW,6,2,phone,rough,0.03125,0.25
B00004W6YW,7,4,price,low,0.0,0.0416666666667
B00004W6YW,8,12,phone,cheaper,0.0,0.25
B00004W6YW,8,16,phone,difficult,0.0,0.6875
B00004W6YW,9,3,problem,due,0.225,0.0
B00004W6YW,13,0,month,past,0.0,0.05
B00004W6YW,13,1,phone,little,0.025,0.425
B00004W6YW,14,1,month,looser,0.0,0.0833333333333
B00004W6YW,14,2,phone,easy,0.325,0.1
B00004W6YW,14,3,phone,comfortable,0.3125,0.375
B00004W6YW,17,0,year,best,0.414869565217,0.025347826087
B00004W6YW,17,0,year,past,0.0,0.05
B00004W6YW,19,0,phone,top,0.00568181818182,0.0170454545455
B00004W6YW,20,2,phone,top,0.00568181818182,0.0170454545455
B00004W6YW,22,2,phone,best,0.414869565217,0.025347826087
B00004W6YW,23,1,price,flimsy,0.0,0.25
B00004W6YW,24,4,phone,strong,0.0,0.375
B00004W6YW,25,1,phone,comfortable,0.3125,0.375
B00004W6YW,25,2,phone,easy,0.325,0.1
B00004W6YW,25,4,phone,expensive,0.0,0.5
B00004W6YW,25,7,phone,careful,0.5,0.0
B00004W6YW,25,9,problem,good,0.515625,0.0
B00004W6YW,26,4,battery,attached,0.0357142857143,0.0178571428571
B00004W6YW,27,0,product,easy,0.325,0.1
B00004W6YW,28,3,phone,second,0.0446428571429,0.0178571428571
B00004W6YW,28,3,phone,first,0.0208333333333,0.0
B00004W6YW,28,7,phone,comfortable,0.3125,0.375
B00004W6YW,29,2,phone,easy,0.325,0.1
B00004W6YW,30,1,phone,easy,0.325,0.1
B00004W6YW,30,3,phone,nice,0.4375,0.0
B00004W6YW,30,4,month,normal,0.125,0.15625
B00004W6YW,31,1,time,past,0.0,0.05
B00004W6YW,31,3,phone,new,0.208333333333,0.0
B00004W6YW,32,2,time,short,0.0138888888889,0.131944444444
B00004W6YW,32,2,time,free,0.1328125,0.0859375
B00004W6YW,32,3,thing,hard,0.015625,0.21875
B00004W6YW,33,2,phone,rough,0.03125,0.25
B00004W6YW,34,4,price,low,0.0,0.0416666666667
B00004W6YW,35,12,phone,cheaper,0.0,0.25
B00004W6YW,35,16,phone,difficult,0.0,0.6875
B00004W6YW,36,3,problem,due,0.225,0.0
B00004W6YW,40,0,month,past,0.0,0.05
B00004W6YW,40,1,phone,little,0.025,0.425
B00004W6YW,41,1,month,looser,0.0,0.0833333333333
B00004W6YW,41,2,phone,easy,0.325,0.1
B00004W6YW,41,3,phone,comfortable,0.3125,0.375
B00004W6YW,44,0,year,best,0.414869565217,0.025347826087
B00004W6YW,44,0,year,past,0.0,0.05
B00004W6YW,46,0,phone,top,0.00568181818182,0.0170454545455
B00004W6YW,47,2,phone,top,0.00568181818182,0.0170454545455
B00004W6YW,49,2,phone,best,0.414869565217,0.025347826087
B00004W6YW,50,1,price,flimsy,0.0,0.25
B00004W6YW,51,4,phone,strong,0.0,0.375
B00004W6YW,52,1,phone,comfortable,0.3125,0.375
B00004W6YW,52,2,phone,easy,0.325,0.1
B00004W6YW,52,4,phone,expensive,0.0,0.5
B00004W6YW,52,7,phone,careful,0.5,0.0
B00004W6YW,52,9,problem,good,0.515625,0.0
B00004W6YW,53,4,battery,attached,0.0357142857143,0.0178571428571
B00004W6YW,54,0,product,easy,0.325,0.1
B00004W6Z0,1,1,product,perfect,0.208333333333,0.0416666666667
B00004W6Z0,1,4,phone,positive,0.208333333333,0.0
B00004W6Z0,1,6,quality,typical,0.125,0.0
B00004W6Z0,2,3,problem,last,0.00961538461538,0.0
B00004W6Z0,2,6,phone,fit,0.233333333333,0.0666666666667
B00004W6Z0,2,11,phone,new,0.0,0.208333333333
B00004W6Z0,3,4,phone,open,0.0416666666667,0.0416666666667
B00004W6Z0,3,5,phone,low,0.0,0.0416666666667
B00004W6Z0,3,5,phone,strong,0.375,0.0
B00004W6Z0,3,5,phone,moderate,0.03125,0.140625
B00004W6Z0,3,6,phone,comfortable,0.3125,0.375
B00004W6Z0,3,7,phone,second,0.0446428571429,0.0178571428571
B00004W6Z0,4,0,quality,good,0.515625,0.0
B00004W6Z0,5,5,work,better,0.515444444444,0.0215925925926
B00004W6Z0,5,6,quality,similar,0.208333333333,0.166666666667
B00004W6Z0,6,1,product,perfect,0.208333333333,0.0416666666667
B00004W6Z0,6,4,phone,positive,0.208333333333,0.0
B00004W6Z0,6,6,quality,typical,0.125,0.0
B00004W6Z0,7,3,problem,last,0.00961538461538,0.0
B00004W6Z0,7,6,phone,fit,0.233333333333,0.0666666666667
B00004W6Z0,7,11,phone,new,0.0,0.208333333333
B00004W6Z0,8,4,phone,open,0.0416666666667,0.0416666666667
B00004W6Z0,8,5,phone,low,0.0,0.0416666666667
B00004W6Z0,8,5,phone,strong,0.375,0.0
B00004W6Z0,8,5,phone,moderate,0.03125,0.140625
B00004W6Z0,8,6,phone,comfortable,0.3125,0.375
B00004W6Z0,8,7,phone,second,0.0446428571429,0.0178571428571
B00004W6Z0,9,0,quality,good,0.515625,0.0
B00004W6Z0,10,5,work,better,0.515444444444,0.0215925925926
B00004W6Z0,10,6,quality,similar,0.208333333333,0.166666666667
B00004W6Z6,2,4,case,accessible,0.0,0.625
B00004W6Z6,3,0,case,last,0.00961538461538,0.0
B00004W6Z6,3,7,time,inevitable,0.0,0.375
B00004W6Z6,3,8,product,poor,0.15625,0.0
B00004W6Z6,4,0,case,tight,0.15625,0.0
B00004W6Z6,6,0,case,good,0.515625,0.0
B00004W6Z6,6,6,phone,free,0.1328125,0.0859375
B00004W6Z6,7,0,case,good,0.515625,0.0
B00004W6Z6,7,1,phone,first,0.0208333333333,0.0
B00004W6Z6,7,1,phone,kind,0.3125,0.0
B00004W6Z6,7,1,phone,tight,0.15625,0.0
B00004W6Z6,7,2,phone,able,0.125,0.0
B00004W6Z6,7,3,work,good,0.515625,0.0
B00004W6Z6,8,1,phone,new,0.208333333333,0.0
B00004W6Z6,8,4,case,better,0.515444444444,0.0215925925926
B00004W6Z6,9,1,phone,hard,0.015625,0.21875
B00004W6Z6,9,4,case,sure,0.166666666667,0.166666666667
B00004W6Z6,11,2,year,early,0.0833333333333,0.0
B00004W6Z6,11,3,case,good,0.515625,0.0
B00004W6Z6,12,0,case,first,0.0208333333333,0.0
B00004W6Z6,14,4,case,accessible,0.0,0.625
B00004W6Z6,15,0,case,last,0.00961538461538,0.0
B00004W6Z6,15,7,time,inevitable,0.0,0.375
B00004W6Z6,15,8,product,poor,0.15625,0.0
B00004W6Z6,16,0,case,tight,0.15625,0.0
B00004W6Z6,18,0,case,good,0.515625,0.0
B00004W6Z6,18,6,phone,free,0.1328125,0.0859375
B00004W6Z6,19,0,case,good,0.515625,0.0
B00004W6Z6,19,1,phone,first,0.0208333333333,0.0
B00004W6Z6,19,1,phone,kind,0.3125,0.0
B00004W6Z6,19,1,phone,tight,0.15625,0.0
B00004W6Z6,19,2,phone,able,0.125,0.0
B00004W6Z6,19,3,work,good,0.515625,0.0
B00004W6Z6,20,1,phone,new,0.208333333333,0.0
B00004W6Z6,20,4,case,better,0.515444444444,0.0215925925926
B00004W6Z6,21,1,phone,hard,0.015625,0.21875
B00004W6Z6,21,4,case,sure,0.166666666667,0.166666666667
B00004W6Z6,23,2,year,early,0.0833333333333,0.0
B00004W6Z6,23,3,case,good,0.515625,0.0
B00004W6Z6,24,0,case,first,0.0208333333333,0.0
B00004W6Z7,1,6,price,sure,0.166666666667,0.166666666667
B00004W6Z7,1,6,price,high,0.0446428571429,0.0267857142857
B00004W6Z7,3,5,case,real,0.046875,0.03125
B00004W6Z7,3,8,phone,easy,0.325,0.1
B00004W6Z7,3,9,headset,easy,0.325,0.1
B00004W6Z7,4,6,price,sure,0.166666666667,0.166666666667
B00004W6Z7,4,6,price,high,0.0446428571429,0.0267857142857
B00004W6Z7,6,5,case,real,0.046875,0.03125
B00004W6Z7,6,8,phone,easy,0.325,0.1
B00004W6Z7,6,9,headset,easy,0.325,0.1
B00004W6Z8,2,2,work,inconvenient,0.125,0.75
B00004W6Z8,2,2,work,open,0.0416666666667,0.0416666666667
B00004W6Z8,3,2,case,hard,0.015625,0.21875
B00004W6Z8,5,2,work,inconvenient,0.125,0.75
B00004W6Z8,5,2,work,open,0.0416666666667,0.0416666666667
B00004W6Z8,6,2,case,hard,0.015625,0.21875
B00004W6ZA,1,4,phone,Second,0.0446428571429,0.0178571428571
B00004W6ZA,2,0,case,new,0.208333333333,0.0
B00004W6ZA,2,12,case,better,0.515444444444,0.0215925925926
B00004W6ZA,4,1,quality,high,0.0446428571429,0.0267857142857
B00004W6ZA,6,0,phone,best,0.414869565217,0.025347826087
B00004W6ZA,6,0,phone,best,0.414869565217,0.025347826087
B00004W6ZA,6,0,phone,best,0.414869565217,0.025347826087
B00004W6ZA,6,2,phone,similar,0.208333333333,0.166666666667
B00004W6ZA,6,3,case,real,0.03125,0.046875
B00004W6ZA,7,1,phone,good,0.515625,0.0
B00004W6ZA,8,4,phone,Second,0.0446428571429,0.0178571428571
B00004W6ZA,9,0,case,new,0.208333333333,0.0
B00004W6ZA,9,12,case,better,0.515444444444,0.0215925925926
B00004W6ZA,11,1,quality,high,0.0446428571429,0.0267857142857
B00004W6ZA,13,0,phone,best,0.414869565217,0.025347826087
B00004W6ZA,13,0,phone,best,0.414869565217,0.025347826087
B00004W6ZA,13,0,phone,best,0.414869565217,0.025347826087
B00004W6ZA,13,2,phone,similar,0.208333333333,0.166666666667
B00004W6ZA,13,3,case,real,0.03125,0.046875
B00004W6ZA,14,1,phone,good,0.515625,0.0
B00004W6ZB,1,0,case,worst,0.0625,0.671875
B00004W6ZB,2,2,case,first,0.0208333333333,0.0
B00004W6ZB,2,9,thing,good,0.515625,0.0
B00004W6ZB,3,0,case,worst,0.0625,0.671875
B00004W6ZB,4,2,case,first,0.0208333333333,0.0
B00004W6ZB,4,9,thing,good,0.515625,0.0
B00004W6ZH,1,2,product,straight,0.102272727273,0.159090909091
B00004W6ZH,1,5,phone,fit,0.233333333333,0.0666666666667
B00004W6ZH,1,11,phone,good,0.0,0.515625
B00004W6ZH,3,2,product,straight,0.102272727273,0.159090909091
B00004W6ZH,3,5,phone,fit,0.233333333333,0.0666666666667
B00004W6ZH,3,11,phone,good,0.0,0.515625
B00004W6ZQ,1,0,case,stylish,0.25,0.0625
B00004W6ZQ,2,0,case,happy,0.0,0.875
B00004W6ZQ,2,1,phone,sure,0.166666666667,0.166666666667
B00004W6ZQ,3,0,case,happy,0.0,0.875
B00004W6ZQ,3,1,phone,sure,0.166666666667,0.166666666667
B00004W6ZQ,4,0,phone,tough,0.0625,0.4375
B00004W6ZQ,5,0,case,sure,0.166666666667,0.166666666667
B00004W6ZQ,5,0,case,functional,0.166666666667,0.0
B00004W6ZQ,7,0,case,stylish,0.25,0.0625
B00004W6ZQ,8,0,case,happy,0.0,0.875
B00004W6ZQ,8,1,phone,sure,0.166666666667,0.166666666667
B00004W6ZQ,9,0,case,happy,0.0,0.875
B00004W6ZQ,9,1,phone,sure,0.166666666667,0.166666666667
B00004W6ZQ,10,0,phone,tough,0.0625,0.4375
B00004W6ZQ,11,0,case,sure,0.166666666667,0.166666666667
B00004W6ZQ,11,0,case,functional,0.166666666667,0.0
B00004W6ZU,1,0,case,clear,0.11328125,0.015625
B00004W6ZU,1,3,phone,closing,0.0217391304348,0.0108695652174
B00004W6ZU,1,4,phone,top,0.00568181818182,0.0170454545455
B00004W6ZU,1,6,phone,wrong,0.0892857142857,0.607142857143
B00004W6ZU,2,0,phone,different,0.375,0.3125
B00004W6ZU,3,4,phone,strong,0.375,0.0
B00004W6ZU,3,4,phone,good,0.515625,0.0
B00004W6ZU,3,8,case,extended,0.0486111111111,0.00694444444444
B00004W6ZU,3,10,battery,loose,0.0625,0.046875
B00004W6ZU,3,12,phone,much,0.160714285714,0.0357142857143
B00004W6ZU,3,12,phone,less,0.0625,0.21875
B00004W6ZU,3,12,phone,aesthetic,0.291666666667,0.0
B00004W6ZU,4,0,case,better,0.515444444444,0.0215925925926
B00004W6ZU,4,2,case,inexpensive,0.0,0.25
B00004W6ZU,5,0,case,clear,0.11328125,0.015625
B00004W6ZU,5,3,phone,closing,0.0217391304348,0.0108695652174
B00004W6ZU,5,4,phone,top,0.00568181818182,0.0170454545455
B00004W6ZU,5,6,phone,wrong,0.0892857142857,0.607142857143
B00004W6ZU,6,0,phone,different,0.375,0.3125
B00004W6ZU,7,4,phone,strong,0.375,0.0
B00004W6ZU,7,4,phone,good,0.515625,0.0
B00004W6ZU,7,8,case,extended,0.0486111111111,0.00694444444444
B00004W6ZU,7,10,battery,loose,0.0625,0.046875
B00004W6ZU,7,12,phone,much,0.160714285714,0.0357142857143
B00004W6ZU,7,12,phone,less,0.0625,0.21875
B00004W6ZU,7,12,phone,aesthetic,0.291666666667,0.0
B00004W6ZU,8,0,case,better,0.515444444444,0.0215925925926
B00004W6ZU,8,2,case,inexpensive,0.0,0.25
